sample_ID,experiment_type,exp_nr,wavelength,T_C,compound,d18O_mean,d18O_std,d17O_mean,d17O_std,reference,notes
Cea_107.61nm_25C_14,CO_decomposition_photo,1,107.61,25,CO2,1155.3,,2136.9,,Chakraborty et al. (2008) Science,
Cea_107.61nm_25C_15,CO_decomposition_photo,1,107.61,25,CO2,3792.6,,8086,,Chakraborty et al. (2008) Science,
Cea_105.17nm_25C_8,CO_decomposition_photo,2,105.17,25,CO2,1081.2,,1823,,Chakraborty et al. (2008) Science,
Cea_105.17nm_25C_2,CO_decomposition_photo,2,105.17,25,CO2,470.1,,767.9,,Chakraborty et al. (2008) Science,
Cea_105.17nm_25C_3,CO_decomposition_photo,2,105.17,25,CO2,810.5,,1367.9,,Chakraborty et al. (2008) Science,
Cea_105.17nm_25C_6,CO_decomposition_photo,2,105.17,25,CO2,1079.3,,1809.7,,Chakraborty et al. (2008) Science,
Cea_105.17nm_25C_7,CO_decomposition_photo,2,105.17,25,CO2,1407,,2445.9,,Chakraborty et al. (2008) Science,
Cea_105.17nm_-66C_4,CO_decomposition_photo,2,105.17,-66,CO2,2170.9,,3108.1,,Chakraborty et al. (2008) Science,
Cea_105.17nm_-66C_9,CO_decomposition_photo,2,105.17,-66,CO2,3676.4,,5613.9,,Chakraborty et al. (2008) Science,
Cea_105.17nm_-66C_11,CO_decomposition_photo,2,105.17,-66,CO2,4081.9,,6257.6,,Chakraborty et al. (2008) Science,
Cea_97.03nm_25C_12,CO_decomposition_photo,3,97.03,25,CO2,978.7,,1161.2,,Chakraborty et al. (2008) Science,
Cea_94.12nm_25C_1,CO_decomposition_photo,4,94.12,25,CO2,258.8,,159.7,,Chakraborty et al. (2008) Science,
Cea_94.12nm_25C_10,CO_decomposition_photo,4,94.12,25,CO2,11.3,,7.6,,Chakraborty et al. (2008) Science,
Cea_94.12nm_-66C_13,CO_decomposition_photo,4,94.12,-66,CO2,718.6,,446.1,,Chakraborty et al. (2008) Science,
Cea_107.61nm_25C_1,CO_decomposition_photo,5,107.61,25,CO2,159.8608024,,200.5742692,,Chakraborty et al. (2012) JCP,
Cea_107.61nm_25C_2,CO_decomposition_photo,5,107.61,25,CO2,685.5636192,,966.1946009,,Chakraborty et al. (2012) JCP,
Cea_107.61nm_25C_3,CO_decomposition_photo,5,107.61,25,CO2,1155.235504,,2136.79005,,Chakraborty et al. (2012) JCP,
Cea_107.61nm_25C_4,CO_decomposition_photo,5,107.61,25,CO2,3792.729106,,8085.684109,,Chakraborty et al. (2012) JCP,
Cea_107.61nm_25C_1,CO_decomposition_photo,5,107.61,25,O,268.7091928,,375.6137567,,Chakraborty et al. (2012) JCP,
Cea_107.61nm_25C_2,CO_decomposition_photo,5,107.61,25,O,1318.684502,,1906.937147,,Chakraborty et al. (2012) JCP,
Cea_107.61nm_25C_3,CO_decomposition_photo,5,107.61,25,O,2141.812931,,4248.27788,,Chakraborty et al. (2012) JCP,
Cea_107.61nm_25C_4,CO_decomposition_photo,5,107.61,25,O,7147.409305,,16146.60166,,Chakraborty et al. (2012) JCP,
Cea_107.61nm_-78C_1,CO_decomposition_photo,6,107.61,-78,CO2,160.5569277,,206.9542047,,Chakraborty et al. (2012) JCP,
Cea_107.61nm_-78C_2,CO_decomposition_photo,6,107.61,-78,CO2,2668.196044,,4679.709006,,Chakraborty et al. (2012) JCP,
Cea_107.61nm_-78C_3,CO_decomposition_photo,6,107.61,-78,CO2,1564.850007,,3043.456923,,Chakraborty et al. (2012) JCP,
Cea_107.61nm_-78C_1,CO_decomposition_photo,6,107.61,-78,O,249.5706346,,358.6614675,,Chakraborty et al. (2012) JCP,
Cea_107.61nm_-78C_2,CO_decomposition_photo,6,107.61,-78,O,5285.214686,,9334.625951,,Chakraborty et al. (2012) JCP,
Cea_107.61nm_-78C_3,CO_decomposition_photo,6,107.61,-78,O,3078.380609,,6061.800166,,Chakraborty et al. (2012) JCP,
Cea_105.17nm_25C_1,CO_decomposition_photo,7,105.17,25,CO2,293.9505752,,446.721555,,Chakraborty et al. (2012) JCP,
Cea_105.17nm_25C_2,CO_decomposition_photo,7,105.17,25,CO2,107.1620172,,134.9629418,,Chakraborty et al. (2012) JCP,
Cea_105.17nm_25C_3,CO_decomposition_photo,7,105.17,25,CO2,1081.315197,,1822.999579,,Chakraborty et al. (2012) JCP,
Cea_105.17nm_25C_4,CO_decomposition_photo,7,105.17,25,CO2,430.8948245,,767.9134334,,Chakraborty et al. (2012) JCP,
Cea_105.17nm_25C_5,CO_decomposition_photo,7,105.17,25,CO2,810.4944776,,1367.891745,,Chakraborty et al. (2012) JCP,
Cea_105.17nm_25C_6,CO_decomposition_photo,7,105.17,25,CO2,1079.46365,,1809.762612,,Chakraborty et al. (2012) JCP,
Cea_105.17nm_25C_7,CO_decomposition_photo,7,105.17,25,CO2,1407.045351,,2445.95128,,Chakraborty et al. (2012) JCP,
Cea_105.17nm_25C_1,CO_decomposition_photo,7,105.17,25,O,810.4944776,,1177.549147,,Chakraborty et al. (2012) JCP,
Cea_105.17nm_25C_2,CO_decomposition_photo,7,105.17,25,O,163.3456094,,244.4578833,,Chakraborty et al. (2012) JCP,
Cea_105.17nm_25C_3,CO_decomposition_photo,7,105.17,25,O,2001.16336,,3620.486488,,Chakraborty et al. (2012) JCP,
Cea_105.17nm_25C_4,CO_decomposition_photo,7,105.17,25,O,841.3518446,,1510.294307,,Chakraborty et al. (2012) JCP,
Cea_105.17nm_25C_5,CO_decomposition_photo,7,105.17,25,O,1487.30551,,2710.252746,,Chakraborty et al. (2012) JCP,
Cea_105.17nm_25C_6,CO_decomposition_photo,7,105.17,25,O,1997.564123,,3593.765233,,Chakraborty et al. (2012) JCP,
Cea_105.17nm_25C_7,CO_decomposition_photo,7,105.17,25,O,2619.732036,,4866.158557,,Chakraborty et al. (2012) JCP,
Cea_105.17nm_-78_1,CO_decomposition_photo,8,105.17,-78,CO2,707.277506,,907.8939696,,Chakraborty et al. (2012) JCP,
Cea_105.17nm_-78_2,CO_decomposition_photo,8,105.17,-78,CO2,2170.850981,,3108.261721,,Chakraborty et al. (2012) JCP,
Cea_105.17nm_-78_3,CO_decomposition_photo,8,105.17,-78,CO2,3676.266336,,5614.075304,,Chakraborty et al. (2012) JCP,
Cea_105.17nm_-78_4,CO_decomposition_photo,8,105.17,-78,CO2,4081.975175,,6257.242966,,Chakraborty et al. (2012) JCP,
Cea_105.17nm_-78_1,CO_decomposition_photo,8,105.17,-78,O,1363.633373,,1563.567902,,Chakraborty et al. (2012) JCP,
Cea_105.17nm_-78_2,CO_decomposition_photo,8,105.17,-78,O,4115.115603,,6190.782518,,Chakraborty et al. (2012) JCP,
Cea_105.17nm_-78_3,CO_decomposition_photo,8,105.17,-78,O,6927.200921,,11202.00155,,Chakraborty et al. (2012) JCP,
Cea_105.17nm_-78_4,CO_decomposition_photo,8,105.17,-78,O,7696.320455,,12489.34345,,Chakraborty et al. (2012) JCP,
Cea_97.03nm_25C_1,CO_decomposition_photo,9,97.03,25,CO2,511.7984975,,700.2919983,,Chakraborty et al. (2012) JCP,
Cea_97.03nm_25C_2,CO_decomposition_photo,9,97.03,25,CO2,680.8506423,,686.4066118,,Chakraborty et al. (2012) JCP,
Cea_97.03nm_25C_3,CO_decomposition_photo,9,97.03,25,CO2,1048.688844,,1237.591356,,Chakraborty et al. (2012) JCP,
Cea_97.03nm_25C_4,CO_decomposition_photo,9,97.03,25,CO2,1978.738831,,2507.838374,,Chakraborty et al. (2012) JCP,
Cea_97.03nm_25C_1,CO_decomposition_photo,9,97.03,25,O,1343.627634,,1375.243598,,Chakraborty et al. (2012) JCP,
Cea_97.03nm_25C_2,CO_decomposition_photo,9,97.03,25,O,1310.814362,,1347.38044,,Chakraborty et al. (2012) JCP,
Cea_97.03nm_25C_3,CO_decomposition_photo,9,97.03,25,O,1806.673572,,2296.957258,,Chakraborty et al. (2012) JCP,
Cea_97.03nm_25C_4,CO_decomposition_photo,9,97.03,25,O,3906.201416,,4990.650477,,Chakraborty et al. (2012) JCP,
Cea_97.03nm_-78C_1,CO_decomposition_photo,10,97.03,-78,CO2,379.195006,,389.1610448,,Chakraborty et al. (2012) JCP,
Cea_97.03nm_-78C_2,CO_decomposition_photo,10,97.03,-78,CO2,870.4891983,,756.1080057,,Chakraborty et al. (2012) JCP,
Cea_97.03nm_-78C_3,CO_decomposition_photo,10,97.03,-78,CO2,405.7908121,,354.4561386,,Chakraborty et al. (2012) JCP,
Cea_97.03nm_-78C_1,CO_decomposition_photo,10,97.03,-78,O,659.4728638,,647.0733735,,Chakraborty et al. (2012) JCP,
Cea_97.03nm_-78C_2,CO_decomposition_photo,10,97.03,-78,O,1689.889191,,1486.55943,,Chakraborty et al. (2012) JCP,
Cea_97.03nm_-78C_3,CO_decomposition_photo,10,97.03,-78,O,811.5811002,,683.3738102,,Chakraborty et al. (2012) JCP,
Cea_94.12nm_25C_1,CO_decomposition_photo,11,94.12,25,CO2,798.7644274,,482.0110752,,Chakraborty et al. (2012) JCP,
Cea_94.12nm_25C_2,CO_decomposition_photo,11,94.12,25,CO2,860.6018302,,574.9129486,,Chakraborty et al. (2012) JCP,
Cea_94.12nm_25C_3,CO_decomposition_photo,11,94.12,25,CO2,258.7258762,,159.6288535,,Chakraborty et al. (2012) JCP,
Cea_94.12nm_25C_4,CO_decomposition_photo,11,94.12,25,CO2,11.36408616,,7.628953302,,Chakraborty et al. (2012) JCP,
Cea_94.12nm_25C_1,CO_decomposition_photo,11,94.12,25,O,1546.704066,,938.6657912,,Chakraborty et al. (2012) JCP,
Cea_94.12nm_25C_2,CO_decomposition_photo,11,94.12,25,O,1670.324498,,1124.210067,,Chakraborty et al. (2012) JCP,
Cea_94.12nm_25C_3,CO_decomposition_photo,11,94.12,25,O,440.2259342,,293.8211866,,Chakraborty et al. (2012) JCP,
Cea_94.12nm_25C_4,CO_decomposition_photo,11,94.12,25,O,-29.45741705,,-10.34610699,,Chakraborty et al. (2012) JCP,
Cea_94.12nm_-78C_1,CO_decomposition_photo,12,94.12,-78,CO2,234.4184889,,161.6018991,,Chakraborty et al. (2012) JCP,
Cea_94.12nm_-78C_2,CO_decomposition_photo,12,94.12,-78,CO2,935.1793316,,658.9750966,,Chakraborty et al. (2012) JCP,
Cea_94.12nm_-78C_3,CO_decomposition_photo,12,94.12,-78,CO2,938.8596675,,583.4404821,,Chakraborty et al. (2012) JCP,
Cea_94.12nm_-78C_1,CO_decomposition_photo,12,94.12,-78,O,417.9327485,,297.5787139,,Chakraborty et al. (2012) JCP,
Cea_94.12nm_-78C_2,CO_decomposition_photo,12,94.12,-78,O,1819.332064,,1292.401596,,Chakraborty et al. (2012) JCP,
Cea_94.12nm_-78C_3,CO_decomposition_photo,12,94.12,-78,O,1607.260361,,1060.399714,,Chakraborty et al. (2012) JCP,
Cea_92.6nm_25C_1,CO_decomposition_photo,13,92.6,-78,CO2,1240.950262,,720.6463412,,Chakraborty et al. (2012) JCP,
Cea_92.6nm_25C_2,CO_decomposition_photo,13,92.6,25,CO2,499.7523583,,288.3985332,,Chakraborty et al. (2012) JCP,
Cea_92.6nm_25C_3,CO_decomposition_photo,13,92.6,25,CO2,1026.479397,,628.2405261,,Chakraborty et al. (2012) JCP,
Cea_92.6nm_25C_1,CO_decomposition_photo,13,92.6,25,O,2431.165502,,1415.726331,,Chakraborty et al. (2012) JCP,
Cea_92.6nm_25C_2,CO_decomposition_photo,13,92.6,25,O,948.578242,,551.1552874,,Chakraborty et al. (2012) JCP,
Cea_92.6nm_25C_3,CO_decomposition_photo,13,92.6,25,O,2002.063844,,1201.634414,,Chakraborty et al. (2012) JCP,
Cea_91.37nm_25C_1,CO_decomposition_photo,14,91.37,25,CO2,714.4631508,,564.8656912,,Chakraborty et al. (2012) JCP,
Cea_91.37nm_25C_2,CO_decomposition_photo,14,91.37,25,CO2,946.6306378,,598.7147097,,Chakraborty et al. (2012) JCP,
Cea_91.37nm_25C_3,CO_decomposition_photo,14,91.37,25,CO2,525.0085247,,409.4506239,,Chakraborty et al. (2012) JCP,
Cea_91.37nm_25C_4,CO_decomposition_photo,14,91.37,25,CO2,317.5843208,,212.5189833,,Chakraborty et al. (2012) JCP,
Cea_91.37nm_25C_5,CO_decomposition_photo,14,91.37,25,CO2,1284.163787,,791.762908,,Chakraborty et al. (2012) JCP,
Cea_91.37nm_25C_1,CO_decomposition_photo,14,91.37,25,O,1378.095602,,1104.125623,,Chakraborty et al. (2012) JCP,
Cea_91.37nm_25C_2,CO_decomposition_photo,14,91.37,25,O,1842.261392,,1171.894873,,Chakraborty et al. (2012) JCP,
Cea_91.37nm_25C_3,CO_decomposition_photo,14,91.37,25,O,998.9059382,,719.9582203,,Chakraborty et al. (2012) JCP,
Cea_91.37nm_25C_4,CO_decomposition_photo,14,91.37,25,O,549.7598757,,375.2011344,,Chakraborty et al. (2012) JCP,
Cea_91.37nm_25C_5,CO_decomposition_photo,14,91.37,25,O,2517.322336,,1558.190058,,Chakraborty et al. (2012) JCP,
Cea_91.37nm_-193C_1,CO_decomposition_photo,15,91.37,-193,CO2,913.6262456,,904.0819949,,Chakraborty et al. (2018) Chem. Phys.,
Cea_91.37nm_-193C_1,CO_decomposition_photo,15,91.37,-193,O,2247.871959,,2370.294064,,Chakraborty et al. (2018) Chem. Phys.,
Cea_92.6nm_-193C_1,CO_decomposition_photo,16,92.6,-193,CO2,6206.619654,,5031.525718,,Chakraborty et al. (2018) Chem. Phys.,
Cea_92.6nm_-193C_1,CO_decomposition_photo,16,92.6,-193,O,45062.53823,,32784.42846,,Chakraborty et al. (2018) Chem. Phys.,
Cea_94.12nm_-193C_1,CO_decomposition_photo,17,94.12,-193,CO2,10200.96572,,7688.497288,,Chakraborty et al. (2018) Chem. Phys.,
Cea_94.12nm_-193C_1,CO_decomposition_photo,17,94.12,-193,O,110163.2676,,69175.55282,,Chakraborty et al. (2018) Chem. Phys.,
Cea_97.03nm_-193C_1,CO_decomposition_photo,18,97.03,-193,CO2,1159.766254,,944.4905213,,Chakraborty et al. (2018) Chem. Phys.,
Cea_97.03nm_-193C_1,CO_decomposition_photo,18,97.03,-193,O,3132.985388,,2514.861071,,Chakraborty et al. (2018) Chem. Phys.,
Cea_105.17nm_-193C_1,CO_decomposition_photo,19,105.17,-193,CO2,1332.638429,,1630.042485,,Chakraborty et al. (2018) Chem. Phys.,
Cea_105.17nm_-193C_2,CO_decomposition_photo,19,105.17,-193,CO2,1696.622327,,2257.630205,,Chakraborty et al. (2018) Chem. Phys.,
Cea_105.17nm_-193C_3,CO_decomposition_photo,19,105.17,-193,CO2,1611.696473,,2346.784386,,Chakraborty et al. (2018) Chem. Phys.,
Cea_105.17nm_-193C_4,CO_decomposition_photo,19,105.17,-193,CO2,1846.243344,,2183.559785,,Chakraborty et al. (2018) Chem. Phys.,
Cea_105.17nm_-193C_5,CO_decomposition_photo,19,105.17,-193,CO2,2838.186541,,2383.802239,,Chakraborty et al. (2018) Chem. Phys.,
Cea_105.17nm_-193C_1,CO_decomposition_photo,19,105.17,-193,O,3825.913291,,5417.316245,,Chakraborty et al. (2018) Chem. Phys.,
Cea_105.17nm_-193C_2,CO_decomposition_photo,19,105.17,-193,O,5443.036917,,8855.207543,,Chakraborty et al. (2018) Chem. Phys.,
Cea_105.17nm_-193C_3,CO_decomposition_photo,19,105.17,-193,O,5043.600841,,9412.427035,,Chakraborty et al. (2018) Chem. Phys.,
Cea_105.17nm_-193C_4,CO_decomposition_photo,19,105.17,-193,O,6177.850751,,8412.136749,,Chakraborty et al. (2018) Chem. Phys.,Removed low-pressure outlier point following Thiemens (2021) Fig. 17
Cea_107.61nm_-193C_1,CO_decomposition_photo,20,107.61,-193,CO2,2117.402116,,1869.104614,,Chakraborty et al. (2018) Chem. Phys.,
Cea_107.61nm_-193C_2,CO_decomposition_photo,20,107.61,-193,CO2,4002.811228,,3749.313114,,Chakraborty et al. (2018) Chem. Phys.,
Cea_107.61nm_-193C_3,CO_decomposition_photo,20,107.61,-193,CO2,3254.596807,,3075.526741,,Chakraborty et al. (2018) Chem. Phys.,
Cea_107.61nm_-193C_1,CO_decomposition_photo,20,107.61,-193,O,7610.651643,,6629.32977,,Chakraborty et al. (2018) Chem. Phys.,
Cea_107.61nm_-193C_2,CO_decomposition_photo,20,107.61,-193,O,21175.76443,,19947.09556,,Chakraborty et al. (2018) Chem. Phys.,
Cea_107.61nm_-193C_3,CO_decomposition_photo,20,107.61,-193,O,15054.67364,,14440.59376,,Chakraborty et al. (2018) Chem. Phys.,
MB_15C,CO2_decomposition_photo,21,184.9,15,O2,-30.8,,42.9,,Mahata and Bhattacharya (2009) Chem. Phys. Lett.,
MB_18C,CO2_decomposition_photo,21,184.9,18,O2,-26.8,,50.9,,Mahata and Bhattacharya (2009) Chem. Phys. Lett.,
MB_29C,CO2_decomposition_photo,21,184.9,29,O2,-17.7,,52.6,,Mahata and Bhattacharya (2009) Chem. Phys. Lett.,
MB_39C,CO2_decomposition_photo,21,184.9,39,O2,-4.3,,62.6,,Mahata and Bhattacharya (2009) Chem. Phys. Lett.,
MB_42C,CO2_decomposition_photo,21,184.9,42,O2,-2,,66.5,,Mahata and Bhattacharya (2009) Chem. Phys. Lett.,
MB_44C,CO2_decomposition_photo,21,184.9,44,O2,-0.5,,63.9,,Mahata and Bhattacharya (2009) Chem. Phys. Lett.,
MB_52C,CO2_decomposition_photo,21,184.9,52,O2,13.3,,74.7,,Mahata and Bhattacharya (2009) Chem. Phys. Lett.,
MB_53C,CO2_decomposition_photo,21,184.9,53,O2,6.5,,70.2,,Mahata and Bhattacharya (2009) Chem. Phys. Lett.,
MB_69C,CO2_decomposition_photo,21,184.9,69,O2,19.5,,87.5,,Mahata and Bhattacharya (2009) Chem. Phys. Lett.,
MB_72C,CO2_decomposition_photo,21,184.9,72,O2,34.7,,98.8,,Mahata and Bhattacharya (2009) Chem. Phys. Lett.,
SM-1,CO2_decomposition_photo,22,184.9,25,O2,-16.1,,78,,Mahata and Bhattacharya (2009) J. Chem. Phys.,
SM-2,CO2_decomposition_photo,22,184.9,25,O2,-17.4,,73.3,,Mahata and Bhattacharya (2009) J. Chem. Phys.,
SM-3,CO2_decomposition_photo,22,184.9,25,O2,-15.4,,71.8,,Mahata and Bhattacharya (2009) J. Chem. Phys.,
SM-4,CO2_decomposition_photo,22,184.9,25,O2,-15.5,,75,,Mahata and Bhattacharya (2009) J. Chem. Phys.,
SM-5,CO2_decomposition_photo,22,184.9,25,O2,-15.7,,77.8,,Mahata and Bhattacharya (2009) J. Chem. Phys.,
SM-6,CO2_decomposition_photo,22,184.9,25,O2,-12.1,,78.2,,Mahata and Bhattacharya (2009) J. Chem. Phys.,
SM-7,CO2_decomposition_photo,22,184.9,25,O2,-12.2,,75.1,,Mahata and Bhattacharya (2009) J. Chem. Phys.,
SM-8,CO2_decomposition_photo,22,184.9,25,O2,-17.6,,73.5,,Mahata and Bhattacharya (2009) J. Chem. Phys.,
SM-9,CO2_decomposition_photo,22,184.9,25,O2,-12.7,,74.1,,Mahata and Bhattacharya (2009) J. Chem. Phys.,
SM-10,CO2_decomposition_photo,22,184.9,25,O2,-14.1,,73.8,,Mahata and Bhattacharya (2009) J. Chem. Phys.,
SM-11,CO2_decomposition_photo,22,184.9,25,O2,-15,,71.8,,Mahata and Bhattacharya (2009) J. Chem. Phys.,
SM-12,CO2_decomposition_photo,22,184.9,25,O2,-16.1,,71.6,,Mahata and Bhattacharya (2009) J. Chem. Phys.,
SM-13,CO2_decomposition_photo,22,184.9,25,O2,-12.8,,76.5,,Mahata and Bhattacharya (2009) J. Chem. Phys.,
Kr-1,CO2_decomposition_photo,23,"116.5, 123",25,O2,-41.6,,-1.6,,Mahata and Bhattacharya (2009) J. Chem. Phys.,
Kr-2,CO2_decomposition_photo,23,"116.5, 123",25,O2,-36.2,,4.4,,Mahata and Bhattacharya (2009) J. Chem. Phys.,
Kr-3,CO2_decomposition_photo,23,"116.5, 123",25,O2,-34,,4.1,,Mahata and Bhattacharya (2009) J. Chem. Phys.,
Kr-4,CO2_decomposition_photo,23,"116.5, 123",25,O2,-38,,1.6,,Mahata and Bhattacharya (2009) J. Chem. Phys.,
Kr-5,CO2_decomposition_photo,23,"116.5, 123",25,O2,-38.5,,2.9,,Mahata and Bhattacharya (2009) J. Chem. Phys.,
Kr-6,CO2_decomposition_photo,23,"116.5, 123",25,O2,-37.8,,4.5,,Mahata and Bhattacharya (2009) J. Chem. Phys.,
Kr-7,CO2_decomposition_photo,23,"116.5, 123",25,O2,-42.6,,-0.5,,Mahata and Bhattacharya (2009) J. Chem. Phys.,
Kr-8,CO2_decomposition_photo,23,"116.5, 123",25,O2,-36.3,,5.7,,Mahata and Bhattacharya (2009) J. Chem. Phys.,
Kr-9,CO2_decomposition_photo,23,"116.5, 123",25,O2,-37.2,,6,,Mahata and Bhattacharya (2009) J. Chem. Phys.,
WT_photo_532um_1,ozone_decomposition_photo,24,532,25,O2,-14.9,,-8.3,,Wen and Thiemens (1991) JGR,
WT_photo_532um_2,ozone_decomposition_photo,24,532,25,O2,-16.1,,-8.3,,Wen and Thiemens (1991) JGR,
WT_photo_532um_3,ozone_decomposition_photo,24,532,25,O2,-15.3,,-7.8,,Wen and Thiemens (1991) JGR,
WT_photo_532um_4,ozone_decomposition_photo,24,532,25,O2,-14.9,,-8.1,,Wen and Thiemens (1991) JGR,
WT_photo_532um_5,ozone_decomposition_photo,24,532,25,O2,-14.6,,-7.7,,Wen and Thiemens (1991) JGR,
WT_photo_532um_6,ozone_decomposition_photo,24,532,25,O2,-12.7,,-7.4,,Wen and Thiemens (1991) JGR,
WT_photo_532um_1,ozone_decomposition_photo,24,532,25,O3,1.4,,0.8,,Wen and Thiemens (1991) JGR,
WT_photo_532um_2,ozone_decomposition_photo,24,532,25,O3,2.3,,1.2,,Wen and Thiemens (1991) JGR,
WT_photo_532um_3,ozone_decomposition_photo,24,532,25,O3,4.4,,2.2,,Wen and Thiemens (1991) JGR,
WT_photo_532um_4,ozone_decomposition_photo,24,532,25,O3,8.8,,4.8,,Wen and Thiemens (1991) JGR,
WT_photo_532um_5,ozone_decomposition_photo,24,532,25,O3,9.4,,5,,Wen and Thiemens (1991) JGR,
WT_photo_532um_6,ozone_decomposition_photo,24,532,25,O3,14.3,,8,,Wen and Thiemens (1991) JGR,
WT_photo_254um_1,ozone_decomposition_photo,25,254,25,O2,-16.8,,-10.7,,Wen and Thiemens (1991) JGR,
WT_photo_254um_2,ozone_decomposition_photo,25,254,25,O2,-16.1,,-10.6,,Wen and Thiemens (1991) JGR,
WT_photo_254um_3,ozone_decomposition_photo,25,254,25,O2,-13.8,,-9.2,,Wen and Thiemens (1991) JGR,
WT_photo_254um_4,ozone_decomposition_photo,25,254,25,O2,-6.5,,-4.3,,Wen and Thiemens (1991) JGR,
WT_photo_254um_5,ozone_decomposition_photo,25,254,25,O2,-5.3,,-3.8,,Wen and Thiemens (1991) JGR,
WT_photo_254um_6,ozone_decomposition_photo,25,254,25,O2,-1.8,,-1.2,,Wen and Thiemens (1991) JGR,
WT_photo_254um_1,ozone_decomposition_photo,25,254,25,O3,1.7,,1,,Wen and Thiemens (1991) JGR,
WT_photo_254um_2,ozone_decomposition_photo,25,254,25,O3,3.3,,2.2,,Wen and Thiemens (1991) JGR,
WT_photo_254um_3,ozone_decomposition_photo,25,254,25,O3,7.4,,5,,Wen and Thiemens (1991) JGR,
WT_photo_254um_4,ozone_decomposition_photo,25,254,25,O3,12,,7.8,,Wen and Thiemens (1991) JGR,
WT_photo_254um_5,ozone_decomposition_photo,25,254,25,O3,34.3,,24.8,,Wen and Thiemens (1991) JGR,
WT_photo_254um_6,ozone_decomposition_photo,25,254,25,O3,48.3,,33.1,,Wen and Thiemens (1991) JGR,
Photo-1a,ozone_decomposition_photo,26,180-260,25,O2,6.57,,16.34,,Bhattacharya and Thiemens (1988) GRL,
Photo-1b,ozone_decomposition_photo,26,180-260,25,O2,-13.51,,-1.08,,Bhattacharya and Thiemens (1988) GRL,
Photo-1a,ozone_decomposition_photo,26,180-260,25,O3,22.34,,25.86,,Bhattacharya and Thiemens (1988) GRL,
Photo-1b,ozone_decomposition_photo,26,180-260,25,O3,5.55,,10.7,,Bhattacharya and Thiemens (1988) GRL,
Photo-2a,ozone_decomposition_photo,27,180-260,25,O2,4.7,,14.82,,Bhattacharya and Thiemens (1988) GRL,
Photo-2b,ozone_decomposition_photo,27,180-260,25,O2,1.3,,14.05,,Bhattacharya and Thiemens (1988) GRL,
Photo-2c,ozone_decomposition_photo,27,180-260,25,O2,5.5,,16.09,,Bhattacharya and Thiemens (1988) GRL,
Photo-2d,ozone_decomposition_photo,27,180-260,25,O2,9.52,,18.28,,Bhattacharya and Thiemens (1988) GRL,
Photo-2e,ozone_decomposition_photo,27,180-260,25,O2,10.33,,19,,Bhattacharya and Thiemens (1988) GRL,
Photo-2e,ozone_decomposition_photo,27,180-260,25,O3,33.13,,31.89,,Bhattacharya and Thiemens (1988) GRL,
Photo-3a,ozone_decomposition_photo,28,180-260,25,O2,18.53,,23.82,,Bhattacharya and Thiemens (1988) GRL,
Photo-3b,ozone_decomposition_photo,28,180-260,25,O2,2.58,,14.31,,Bhattacharya and Thiemens (1988) GRL,
Photo-3d,ozone_decomposition_photo,28,180-260,25,O2,0.46,,12.1,,Bhattacharya and Thiemens (1988) GRL,
Photo-3a,ozone_decomposition_photo,28,180-260,25,O3,90.34,,65.24,,Bhattacharya and Thiemens (1988) GRL,
Photo-3b,ozone_decomposition_photo,28,180-260,25,O3,24.35,,26.72,,Bhattacharya and Thiemens (1988) GRL,
Photo-3d,ozone_decomposition_photo,28,180-260,25,O3,20.85,,23.75,,Bhattacharya and Thiemens (1988) GRL,
Evap-1a,ozone_decomposition_photo,29,180-260,25,O2,-2.84,,14.95,,Bhattacharya and Thiemens (1988) GRL,
Evap-1b,ozone_decomposition_photo,29,180-260,25,O2,-14.42,,3.58,,Bhattacharya and Thiemens (1988) GRL,
Evap-1c,ozone_decomposition_photo,29,180-260,25,O2,-17.64,,2.58,,Bhattacharya and Thiemens (1988) GRL,
Evap-1d,ozone_decomposition_photo,29,180-260,25,O2,-12.73,,6.78,,Bhattacharya and Thiemens (1988) GRL,
Evap-1e,ozone_decomposition_photo,29,180-260,25,O2,-8.94,,8.73,,Bhattacharya and Thiemens (1988) GRL,
Evap-1a,ozone_decomposition_photo,29,180-260,25,O3,34.78,,33.82,,Bhattacharya and Thiemens (1988) GRL,
Evap-1b,ozone_decomposition_photo,29,180-260,25,O3,25.81,,23.89,,Bhattacharya and Thiemens (1988) GRL,
Evap-1c,ozone_decomposition_photo,29,180-260,25,O3,15.27,,19.28,,Bhattacharya and Thiemens (1988) GRL,
Evap-1d,ozone_decomposition_photo,29,180-260,25,O3,24.89,,25.86,,Bhattacharya and Thiemens (1988) GRL,
Evap-1e,ozone_decomposition_photo,29,180-260,25,O3,24.89,,25.86,,Bhattacharya and Thiemens (1988) GRL,
UV_diss_Hg_1,ozone_decomposition_photo,30,"184.9, 253.6",25,O2,-16.9,0.1,-10.4,0.2,Chakraborty and Bhattacharya (2003) J. Chem. Phys.,
UV_diss_Hg_2,ozone_decomposition_photo,30,"184.9, 253.6",25,O2,-15.4,0.1,-10.8,0.2,Chakraborty and Bhattacharya (2003) J. Chem. Phys.,
UV_diss_Hg_3,ozone_decomposition_photo,30,"184.9, 253.6",25,O2,-12.6,0.1,-8.1,0.2,Chakraborty and Bhattacharya (2003) J. Chem. Phys.,
UV_diss_Hg_4,ozone_decomposition_photo,30,"184.9, 253.6",25,O2,-9.2,0.1,-5.8,0.2,Chakraborty and Bhattacharya (2003) J. Chem. Phys.,
UV_diss_Hg_5,ozone_decomposition_photo,30,"184.9, 253.6",25,O2,-7.5,0.1,-4.9,0.2,Chakraborty and Bhattacharya (2003) J. Chem. Phys.,
UV_diss_Hg_6,ozone_decomposition_photo,30,"184.9, 253.6",25,O2,-7.6,0.1,-4.8,0.2,Chakraborty and Bhattacharya (2003) J. Chem. Phys.,
UV_diss_Hg_7,ozone_decomposition_photo,30,"184.9, 253.6",25,O2,-2.7,0.1,-1.6,0.2,Chakraborty and Bhattacharya (2003) J. Chem. Phys.,
UV_diss_Hg_8,ozone_decomposition_photo,30,"184.9, 253.6",25,O2,-1.6,0.1,-1,0.2,Chakraborty and Bhattacharya (2003) J. Chem. Phys.,
UV_diss_Hg_1,ozone_decomposition_photo,30,"184.9, 253.6",25,O3,7.5,0.1,4.7,0.2,Chakraborty and Bhattacharya (2003) J. Chem. Phys.,
UV_diss_Hg_2,ozone_decomposition_photo,30,"184.9, 253.6",25,O3,9.2,0.1,5.5,0.2,Chakraborty and Bhattacharya (2003) J. Chem. Phys.,
UV_diss_Hg_3,ozone_decomposition_photo,30,"184.9, 253.6",25,O3,14.8,0.1,9.2,0.2,Chakraborty and Bhattacharya (2003) J. Chem. Phys.,
UV_diss_Hg_4,ozone_decomposition_photo,30,"184.9, 253.6",25,O3,19.9,0.1,12.8,0.2,Chakraborty and Bhattacharya (2003) J. Chem. Phys.,
UV_diss_Hg_5,ozone_decomposition_photo,30,"184.9, 253.6",25,O3,26.3,0.1,17.1,0.2,Chakraborty and Bhattacharya (2003) J. Chem. Phys.,
UV_diss_Hg_6,ozone_decomposition_photo,30,"184.9, 253.6",25,O3,29.1,0.1,18.6,0.2,Chakraborty and Bhattacharya (2003) J. Chem. Phys.,
UV_diss_Hg_7,ozone_decomposition_photo,30,"184.9, 253.6",25,O3,59.7,0.1,37.6,0.2,Chakraborty and Bhattacharya (2003) J. Chem. Phys.,
UV_diss_Hg_8,ozone_decomposition_photo,30,"184.9, 253.6",25,O3,79.5,0.1,50.1,0.2,Chakraborty and Bhattacharya (2003) J. Chem. Phys.,
Vis_diss_1,ozone_decomposition_photo,31,400-700,25,O2,-9.6,0.1,-5.3,0.2,Chakraborty and Bhattacharya (2003) J. Chem. Phys.,
Vis_diss_1,ozone_decomposition_photo,31,400-700,25,O3,22,0.1,12.2,0.2,Chakraborty and Bhattacharya (2003) J. Chem. Phys.,
Vis_diss_2,ozone_decomposition_photo,32,630,25,O2,-23.7,0.1,-13.1,0.2,Chakraborty and Bhattacharya (2003) J. Chem. Phys.,
Vis_diss_3,ozone_decomposition_photo,32,630,25,O2,-21.7,0.1,-12,0.2,Chakraborty and Bhattacharya (2003) J. Chem. Phys.,
Vis_diss_4,ozone_decomposition_photo,32,630,25,O2,-14.5,0.1,-7.5,0.2,Chakraborty and Bhattacharya (2003) J. Chem. Phys.,
Vis_diss_5,ozone_decomposition_photo,32,630,25,O2,-7,0.1,-3.9,0.2,Chakraborty and Bhattacharya (2003) J. Chem. Phys.,
Vis_diss_2,ozone_decomposition_photo,32,630,25,O3,3.8,0.1,2.1,0.2,Chakraborty and Bhattacharya (2003) J. Chem. Phys.,
Vis_diss_3,ozone_decomposition_photo,32,630,25,O3,5.8,0.1,3.2,0.2,Chakraborty and Bhattacharya (2003) J. Chem. Phys.,
Vis_diss_4,ozone_decomposition_photo,32,630,25,O3,13.6,0.1,7,0.2,Chakraborty and Bhattacharya (2003) J. Chem. Phys.,
Vis_diss_5,ozone_decomposition_photo,32,630,25,O3,29.9,0.1,16.7,0.2,Chakraborty and Bhattacharya (2003) J. Chem. Phys.,
Vis_diss_6,ozone_decomposition_photo,33,520,25,O2,-21.7,0.1,-12.2,0.2,Chakraborty and Bhattacharya (2003) J. Chem. Phys.,
Vis_diss_7,ozone_decomposition_photo,33,520,25,O2,-17,0.1,-9.1,0.2,Chakraborty and Bhattacharya (2003) J. Chem. Phys.,
Vis_diss_8,ozone_decomposition_photo,33,520,25,O2,-19.3,0.1,-9.8,0.2,Chakraborty and Bhattacharya (2003) J. Chem. Phys.,
Vis_diss_9,ozone_decomposition_photo,33,520,25,O2,-13.3,0.1,-7.3,0.2,Chakraborty and Bhattacharya (2003) J. Chem. Phys.,
Vis_diss_10,ozone_decomposition_photo,33,520,25,O2,-7.6,0.1,-4.1,0.2,Chakraborty and Bhattacharya (2003) J. Chem. Phys.,
Vis_diss_6,ozone_decomposition_photo,33,520,25,O3,5.4,0.1,3,0.2,Chakraborty and Bhattacharya (2003) J. Chem. Phys.,
Vis_diss_7,ozone_decomposition_photo,33,520,25,O3,9.1,0.1,4.9,0.2,Chakraborty and Bhattacharya (2003) J. Chem. Phys.,
Vis_diss_8,ozone_decomposition_photo,33,520,25,O3,11.7,0.1,6,0.2,Chakraborty and Bhattacharya (2003) J. Chem. Phys.,
Vis_diss_9,ozone_decomposition_photo,33,520,25,O3,18.2,0.1,10,0.2,Chakraborty and Bhattacharya (2003) J. Chem. Phys.,
Vis_diss_10,ozone_decomposition_photo,33,520,25,O3,25.5,0.1,13.6,0.2,Chakraborty and Bhattacharya (2003) J. Chem. Phys.,
UV_diss_Hg_0TorrN2,ozone_decomposition_photo,34,"184.9, 253.6",25,O3,23.6,0.1,14.9,0.2,Chakraborty and Bhattacharya (2003) J. Chem. Phys.,
UV_diss_Hg_20TorrN2,ozone_decomposition_photo,34,"184.9, 253.6",25,O3,9.5,0.1,5.9,0.2,Chakraborty and Bhattacharya (2003) J. Chem. Phys.,
UV_diss_Hg_26TorrN2,ozone_decomposition_photo,34,"184.9, 253.6",25,O3,7.7,0.1,5.5,0.2,Chakraborty and Bhattacharya (2003) J. Chem. Phys.,
UV_diss_Hg_30TorrN2,ozone_decomposition_photo,34,"184.9, 253.6",25,O3,7.1,0.1,5.4,0.2,Chakraborty and Bhattacharya (2003) J. Chem. Phys.,
UV_diss_Hg_36TorrN2,ozone_decomposition_photo,34,"184.9, 253.6",25,O3,9.6,0.1,8.1,0.2,Chakraborty and Bhattacharya (2003) J. Chem. Phys.,
UV_diss_Hg_40TorrN2,ozone_decomposition_photo,34,"184.9, 253.6",25,O3,13,0.1,12.9,0.2,Chakraborty and Bhattacharya (2003) J. Chem. Phys.,
UV_diss_Hg_40TorrN2,ozone_decomposition_photo,34,"184.9, 253.6",25,O3,9,0.1,9,0.2,Chakraborty and Bhattacharya (2003) J. Chem. Phys.,
UV_diss_Hg_60TorrN2,ozone_decomposition_photo,34,"184.9, 253.6",25,O3,10.3,0.1,10.2,0.2,Chakraborty and Bhattacharya (2003) J. Chem. Phys.,
UV_diss_Hg_80TorrN2,ozone_decomposition_photo,34,"184.9, 253.6",25,O3,4.2,0.1,4.2,0.2,Chakraborty and Bhattacharya (2003) J. Chem. Phys.,
Hea_diss_254nm,ozone_decomposition_photo,35,254,25,O3,6.118642888,,4.108416499,,Huang et al. (2019) Earth Space Sci.,
Hea_diss_254nm,ozone_decomposition_photo,35,254,25,O3,5.61570931,,3.807229154,,Huang et al. (2019) Earth Space Sci.,
Hea_diss_254nm,ozone_decomposition_photo,35,254,25,O3,4.711062324,,3.405786556,,Huang et al. (2019) Earth Space Sci.,
Hea_diss_254nm,ozone_decomposition_photo,35,254,25,O3,5.113027137,,3.405786556,,Huang et al. (2019) Earth Space Sci.,
Hea_diss_254nm,ozone_decomposition_photo,35,254,25,O3,4.409694213,,3.004504503,,Huang et al. (2019) Earth Space Sci.,
Hea_diss_254nm,ozone_decomposition_photo,35,254,25,O3,4.008010677,,2.703648283,,Huang et al. (2019) Earth Space Sci.,
Hea_diss_254nm,ozone_decomposition_photo,35,254,25,O3,3.104809969,,2.002001334,,Huang et al. (2019) Earth Space Sci.,
Hea_diss_254nm,ozone_decomposition_photo,35,254,25,O3,2.503127606,,1.601280683,,Huang et al. (2019) Earth Space Sci.,
Hea_diss_254nm,ozone_decomposition_photo,35,254,25,O3,0.900405122,,0.600180036,,Huang et al. (2019) Earth Space Sci.,
Hea_diss_254nm,ozone_decomposition_photo,35,254,25,O3,0.600180036,,0.400080011,,Huang et al. (2019) Earth Space Sci.,
Hea_diss_254nm,ozone_decomposition_photo,35,254,25,O3,0.400080011,,0.300045005,,Huang et al. (2019) Earth Space Sci.,
Hea_diss_254nm,ozone_decomposition_photo,35,254,25,O3,0.300045005,,0.200020001,,Huang et al. (2019) Earth Space Sci.,
Hea_diss_300nm,ozone_decomposition_photo,36,300,25,O3,11.26295481,,6.420523761,,Huang et al. (2019) Earth Space Sci.,
Hea_diss_300nm,ozone_decomposition_photo,36,300,25,O3,6.219259783,,3.405786556,,Huang et al. (2019) Earth Space Sci.,
Hea_diss_300nm,ozone_decomposition_photo,36,300,25,O3,4.811538454,,2.703648283,,Huang et al. (2019) Earth Space Sci.,
Hea_diss_300nm,ozone_decomposition_photo,36,300,25,O3,3.405786556,,1.801620972,,Huang et al. (2019) Earth Space Sci.,
Hea_diss_300nm,ozone_decomposition_photo,36,300,25,O3,3.104809969,,1.701445819,,Huang et al. (2019) Earth Space Sci.,
Hea_diss_303nm,ozone_decomposition_photo,37,303,25,O3,15.214581,,8.435378992,,Huang et al. (2019) Earth Space Sci.,
Hea_diss_303nm,ozone_decomposition_photo,37,303,25,O3,13.49018236,,7.427447662,,Huang et al. (2019) Earth Space Sci.,
Hea_diss_303nm,ozone_decomposition_photo,37,303,25,O3,9.24245008,,5.012520859,,Huang et al. (2019) Earth Space Sci.,
Hea_diss_303nm,ozone_decomposition_photo,37,303,25,O3,7.427447662,,3.907614896,,Huang et al. (2019) Earth Space Sci.,
Hea_diss_303nm,ozone_decomposition_photo,37,303,25,O3,6.118642888,,3.305450994,,Huang et al. (2019) Earth Space Sci.,
Hea_diss_303nm,ozone_decomposition_photo,37,303,25,O3,2.904209068,,1.501125563,,Huang et al. (2019) Earth Space Sci.,
Hea_diss_303nm,ozone_decomposition_photo,37,303,25,O3,2.402882305,,1.300845366,,Huang et al. (2019) Earth Space Sci.,
Hea_diss_303nm,ozone_decomposition_photo,37,303,25,O3,2.803923661,,1.400980457,,Huang et al. (2019) Earth Space Sci.,
Hea_diss_532nm,ozone_decomposition_photo,38,532,25,O3,12.17350116,,7.024557267,,Huang et al. (2019) Earth Space Sci.,
Hea_diss_532nm,ozone_decomposition_photo,38,532,25,O3,11.56637921,,6.722495211,,Huang et al. (2019) Earth Space Sci.,
Hea_diss_532nm,ozone_decomposition_photo,38,532,25,O3,8.73795499,,4.811538454,,Huang et al. (2019) Earth Space Sci.,
Hea_diss_532nm,ozone_decomposition_photo,38,532,25,O3,7.326709955,,4.610596241,,Huang et al. (2019) Earth Space Sci.,
Hea_diss_532nm,ozone_decomposition_photo,38,532,25,O3,5.213543465,,2.703648283,,Huang et al. (2019) Earth Space Sci.,
Hea_diss_532nm,ozone_decomposition_photo,38,532,25,O3,5.113027137,,2.703648283,,Huang et al. (2019) Earth Space Sci.,
Hea_diss_532nm,ozone_decomposition_photo,38,532,25,O3,2.202421776,,1.100605222,,Huang et al. (2019) Earth Space Sci.,
Hea_diss_532nm,ozone_decomposition_photo,38,532,25,O3,2.102206544,,1.000500167,,Huang et al. (2019) Earth Space Sci.,
Hea_diss_590nm,ozone_decomposition_photo,39,590,25,O3,8.435378992,,5.71627591,,Huang et al. (2019) Earth Space Sci.,
Hea_diss_590nm,ozone_decomposition_photo,39,590,25,O3,6.923859846,,4.510140205,,Huang et al. (2019) Earth Space Sci.,
Hea_diss_590nm,ozone_decomposition_photo,39,590,25,O3,6.219259783,,4.008010677,,Huang et al. (2019) Earth Space Sci.,
Hea_diss_590nm,ozone_decomposition_photo,39,590,25,O3,5.113027137,,3.205125466,,Huang et al. (2019) Earth Space Sci.,
Hea_diss_590nm,ozone_decomposition_photo,39,590,25,O3,3.70685345,,2.202421776,,Huang et al. (2019) Earth Space Sci.,
Hea_diss_590nm,ozone_decomposition_photo,39,590,25,O3,3.305450994,,1.901806144,,Huang et al. (2019) Earth Space Sci.,
Hea_diss_590nm,ozone_decomposition_photo,39,590,25,O3,2.904209068,,1.701445819,,Huang et al. (2019) Earth Space Sci.,
Hea_diss_590nm,ozone_decomposition_photo,39,590,25,O3,1.701445819,,0.900405122,,Huang et al. (2019) Earth Space Sci.,
Hea_diss_600nm,ozone_decomposition_photo,40,600,25,O3,9.949167118,,6.823172495,,Huang et al. (2019) Earth Space Sci.,
Hea_diss_600nm,ozone_decomposition_photo,40,600,25,O3,9.444318757,,6.420523761,,Huang et al. (2019) Earth Space Sci.,
Hea_diss_600nm,ozone_decomposition_photo,40,600,25,O3,7.729721236,,5.113027137,,Huang et al. (2019) Earth Space Sci.,
Hea_diss_600nm,ozone_decomposition_photo,40,600,25,O3,6.823172495,,4.510140205,,Huang et al. (2019) Earth Space Sci.,
Hea_diss_600nm,ozone_decomposition_photo,40,600,25,O3,5.414606279,,3.405786556,,Huang et al. (2019) Earth Space Sci.,
Hea_diss_600nm,ozone_decomposition_photo,40,600,25,O3,3.305450994,,2.002001334,,Huang et al. (2019) Earth Space Sci.,
Hea_diss_600nm,ozone_decomposition_photo,40,600,25,O3,3.305450994,,2.002001334,,Huang et al. (2019) Earth Space Sci.,
Hea_diss_606nm,ozone_decomposition_photo,41,606,25,O3,7.931287336,,5.213543465,,Huang et al. (2019) Earth Space Sci.,
Hea_diss_606nm,ozone_decomposition_photo,41,606,25,O3,6.722495211,,4.208832361,,Huang et al. (2019) Earth Space Sci.,
Hea_diss_606nm,ozone_decomposition_photo,41,606,25,O3,3.70685345,,2.302647029,,Huang et al. (2019) Earth Space Sci.,
Hea_diss_606nm,ozone_decomposition_photo,41,606,25,O3,3.004504503,,1.701445819,,Huang et al. (2019) Earth Space Sci.,
Hea_diss_606nm,ozone_decomposition_photo,41,606,25,O3,2.803923661,,1.801620972,,Huang et al. (2019) Earth Space Sci.,
WT_thermal_110C_1,ozone_decomposition_thermal,42,,110,O2,21.9,,21.7,,Wen and Thiemens (1991) JGR,
WT_thermal_110C_2,ozone_decomposition_thermal,42,,110,O2,21.5,,20.7,,Wen and Thiemens (1991) JGR,
WT_thermal_110C_3,ozone_decomposition_thermal,42,,110,O2,14.4,,14.4,,Wen and Thiemens (1991) JGR,
WT_thermal_110C_4,ozone_decomposition_thermal,42,,110,O2,11.1,,11,,Wen and Thiemens (1991) JGR,
WT_thermal_110C_5,ozone_decomposition_thermal,42,,110,O2,8.8,,8.9,,Wen and Thiemens (1991) JGR,
WT_thermal_110C_1,ozone_decomposition_thermal,42,,110,O3,-5.4,,-5.3,,Wen and Thiemens (1991) JGR,
WT_thermal_110C_2,ozone_decomposition_thermal,42,,110,O3,-9,,-9,,Wen and Thiemens (1991) JGR,
WT_thermal_110C_3,ozone_decomposition_thermal,42,,110,O3,-18.1,,-18,,Wen and Thiemens (1991) JGR,
WT_thermal_110C_4,ozone_decomposition_thermal,42,,110,O3,-29.5,,-29.3,,Wen and Thiemens (1991) JGR,
WT_thermal_110C_5,ozone_decomposition_thermal,42,,110,O3,-34,,-34.3,,Wen and Thiemens (1991) JGR,
WT_thermal_90C_1,ozone_decomposition_thermal,43,,90,O2,3.3,,7.7,,Wen and Thiemens (1991) JGR,
WT_thermal_90C_2,ozone_decomposition_thermal,43,,90,O2,8.7,,11.7,,Wen and Thiemens (1991) JGR,
WT_thermal_90C_3,ozone_decomposition_thermal,43,,90,O2,10.1,,12.5,,Wen and Thiemens (1991) JGR,
WT_thermal_90C_4,ozone_decomposition_thermal,43,,90,O2,11,,13,,Wen and Thiemens (1991) JGR,
WT_thermal_90C_5,ozone_decomposition_thermal,43,,90,O2,14.5,,15.4,,Wen and Thiemens (1991) JGR,
WT_thermal_90C_6,ozone_decomposition_thermal,43,,90,O2,13.7,,14.2,,Wen and Thiemens (1991) JGR,
WT_thermal_90C_7,ozone_decomposition_thermal,43,,90,O2,5.6,,7.3,,Wen and Thiemens (1991) JGR,
WT_thermal_90C_8,ozone_decomposition_thermal,43,,90,O2,5.6,,6.7,,Wen and Thiemens (1991) JGR,
WT_thermal_90C_9,ozone_decomposition_thermal,43,,90,O2,5.3,,5.9,,Wen and Thiemens (1991) JGR,
WT_thermal_90C_1,ozone_decomposition_thermal,43,,90,O3,-0.4,,-0.9,,Wen and Thiemens (1991) JGR,
WT_thermal_90C_2,ozone_decomposition_thermal,43,,90,O3,-1.3,,-1.8,,Wen and Thiemens (1991) JGR,
WT_thermal_90C_3,ozone_decomposition_thermal,43,,90,O3,-2.7,,-3.3,,Wen and Thiemens (1991) JGR,
WT_thermal_90C_4,ozone_decomposition_thermal,43,,90,O3,-6.1,,-7.2,,Wen and Thiemens (1991) JGR,
WT_thermal_90C_5,ozone_decomposition_thermal,43,,90,O3,-11.1,,-11.8,,Wen and Thiemens (1991) JGR,
WT_thermal_90C_6,ozone_decomposition_thermal,43,,90,O3,-16.1,,-16.8,,Wen and Thiemens (1991) JGR,
WT_thermal_90C_7,ozone_decomposition_thermal,43,,90,O3,-15,,-18.5,,Wen and Thiemens (1991) JGR,
WT_thermal_90C_8,ozone_decomposition_thermal,43,,90,O3,-19.2,,-22.9,,Wen and Thiemens (1991) JGR,
WT_thermal_90C_9,ozone_decomposition_thermal,43,,90,O3,-30,,-33.2,,Wen and Thiemens (1991) JGR,
Therm-1a,ozone_decomposition_thermal,44,,25,O2,3.53,,16.81,,Bhattacharya and Thiemens (1988) GRL,
Therm-1b,ozone_decomposition_thermal,44,,25,O2,3.16,,15.26,,Bhattacharya and Thiemens (1988) GRL,
Therm-1d,ozone_decomposition_thermal,44,,25,O2,6.19,,18.87,,Bhattacharya and Thiemens (1988) GRL,
Therm-1a,ozone_decomposition_thermal,44,,25,O3,29.9,,31.54,,Bhattacharya and Thiemens (1988) GRL,
Therm-1b,ozone_decomposition_thermal,44,,25,O3,25.75,,28.73,,Bhattacharya and Thiemens (1988) GRL,
Therm-1d,ozone_decomposition_thermal,44,,25,O3,30.37,,32.71,,Bhattacharya and Thiemens (1988) GRL,
TBD-1b,ozone_decomposition_thermal,45,,55,O2,-16.41,,-3.24,,Bhattacharya and Thiemens (1988) GRL,
TBD-1d,ozone_decomposition_thermal,45,,55,O2,0.21,,7.91,,Bhattacharya and Thiemens (1988) GRL,
TBD-1b,ozone_decomposition_thermal,45,,55,O3,2.64,,8.34,,Bhattacharya and Thiemens (1988) GRL,
TBD-1d,ozone_decomposition_thermal,45,,55,O3,19.16,,17.84,,Bhattacharya and Thiemens (1988) GRL,
WT_diss_20C,ozone_decomposition_thermal,46,,20,O2,-15.6,,-8.4,,Wen and Thiemens (1990) Chem. Phys. Lett,
WT_diss_30C,ozone_decomposition_thermal,46,,30,O2,-14.8,,-7.5,,Wen and Thiemens (1990) Chem. Phys. Lett,
WT_diss_40C,ozone_decomposition_thermal,46,,40,O2,-13.7,,-6.7,,Wen and Thiemens (1990) Chem. Phys. Lett,
WT_diss_50C,ozone_decomposition_thermal,46,,50,O2,-11.2,,-4.5,,Wen and Thiemens (1990) Chem. Phys. Lett,
WT_diss_60C,ozone_decomposition_thermal,46,,60,O2,-5.9,,-0.4,,Wen and Thiemens (1990) Chem. Phys. Lett,
WT_diss_70C,ozone_decomposition_thermal,46,,70,O2,-4.4,,1.2,,Wen and Thiemens (1990) Chem. Phys. Lett,
WT_diss_80C,ozone_decomposition_thermal,46,,80,O2,5.1,,8.3,,Wen and Thiemens (1990) Chem. Phys. Lett,
WT_diss_90C,ozone_decomposition_thermal,46,,90,O2,10.1,,12.6,,Wen and Thiemens (1990) Chem. Phys. Lett,
WT_diss_100C,ozone_decomposition_thermal,46,,100,O2,17.9,,18.5,,Wen and Thiemens (1990) Chem. Phys. Lett,
WT_diss_110C,ozone_decomposition_thermal,46,,110,O2,21.9,,21.7,,Wen and Thiemens (1990) Chem. Phys. Lett,
WT_diss_120C,ozone_decomposition_thermal,46,,120,O2,24.3,,23.2,,Wen and Thiemens (1990) Chem. Phys. Lett,
WT_diss_20C,ozone_decomposition_thermal,47,,20,O3,3.7,,2,,Wen and Thiemens (1990) Chem. Phys. Lett,
WT_diss_30C,ozone_decomposition_thermal,47,,30,O3,4,,2,,Wen and Thiemens (1990) Chem. Phys. Lett,
WT_diss_40C,ozone_decomposition_thermal,47,,40,O3,4.3,,2.1,,Wen and Thiemens (1990) Chem. Phys. Lett,
WT_diss_50C,ozone_decomposition_thermal,47,,50,O3,2.4,,1,,Wen and Thiemens (1990) Chem. Phys. Lett,
WT_diss_60C,ozone_decomposition_thermal,47,,60,O3,1.4,,0.1,,Wen and Thiemens (1990) Chem. Phys. Lett,
WT_diss_70C,ozone_decomposition_thermal,47,,70,O3,1.1,,-0.3,,Wen and Thiemens (1990) Chem. Phys. Lett,
WT_diss_80C,ozone_decomposition_thermal,47,,80,O3,-1.3,,-2.1,,Wen and Thiemens (1990) Chem. Phys. Lett,
WT_diss_90C,ozone_decomposition_thermal,47,,90,O3,-2.6,,-3.3,,Wen and Thiemens (1990) Chem. Phys. Lett,
WT_diss_100C,ozone_decomposition_thermal,47,,100,O3,-3.4,,-3.5,,Wen and Thiemens (1990) Chem. Phys. Lett,
WT_diss_110C,ozone_decomposition_thermal,47,,110,O3,-5.4,,-5.3,,Wen and Thiemens (1990) Chem. Phys. Lett,
WT_diss_120C,ozone_decomposition_thermal,47,,120,O3,-5.5,,-5.2,,Wen and Thiemens (1990) Chem. Phys. Lett,
TH_6.51_O2,ozone_generation_electrical,57,,25,O2,-1.79,0.1,-1.47,0.29,Thiemens and Heidenreich (1983) Science; Heidenreich and Thiemens (1983) J. Chem. Phys.,
TH_12.06_O2,ozone_generation_electrical,57,,25,O2,-4.26,0.1,-4.11,0.29,Thiemens and Heidenreich (1983) Science; Heidenreich and Thiemens (1983) J. Chem. Phys.,
TH_26.01_O2,ozone_generation_electrical,57,,25,O2,-12.37,0.1,-11.8,0.29,Thiemens and Heidenreich (1983) Science; Heidenreich and Thiemens (1983) J. Chem. Phys.,
TH_36.13_O2,ozone_generation_electrical,57,,25,O2,-5.31,0.1,-6.5,0.29,Thiemens and Heidenreich (1983) Science; Heidenreich and Thiemens (1983) J. Chem. Phys.,
TH_50.40_O2,ozone_generation_electrical,57,,25,O2,-13.25,0.1,-14.78,0.29,Thiemens and Heidenreich (1983) Science; Heidenreich and Thiemens (1983) J. Chem. Phys.,
TH_66.31_O2,ozone_generation_electrical,57,,25,O2,-37.56,0.1,-36.41,0.29,Thiemens and Heidenreich (1983) Science; Heidenreich and Thiemens (1983) J. Chem. Phys.,
TH_70.38_O2,ozone_generation_electrical,57,,25,O2,-51.55,0.1,-50.73,0.29,Thiemens and Heidenreich (1983) Science; Heidenreich and Thiemens (1983) J. Chem. Phys.,
TH_89.44_O2,ozone_generation_electrical,57,,25,O2,-70.73,0.1,-71.9,0.29,Thiemens and Heidenreich (1983) Science; Heidenreich and Thiemens (1983) J. Chem. Phys.,
TH_6.51_O3,ozone_generation_electrical,57,,25,O3,27.38,0.1,24.91,0.29,Thiemens and Heidenreich (1983) Science; Heidenreich and Thiemens (1983) J. Chem. Phys.,
TH_12.06_O3,ozone_generation_electrical,57,,25,O3,35.25,0.1,34.82,0.29,Thiemens and Heidenreich (1983) Science; Heidenreich and Thiemens (1983) J. Chem. Phys.,
TH_26.01_O3,ozone_generation_electrical,57,,25,O3,39.96,0.1,39.03,0.29,Thiemens and Heidenreich (1983) Science; Heidenreich and Thiemens (1983) J. Chem. Phys.,
TH_36.13_O3,ozone_generation_electrical,57,,25,O3,9.58,0.1,12.68,0.29,Thiemens and Heidenreich (1983) Science; Heidenreich and Thiemens (1983) J. Chem. Phys.,
TH_50.40_O3,ozone_generation_electrical,57,,25,O3,14.34,0.1,15.74,0.29,Thiemens and Heidenreich (1983) Science; Heidenreich and Thiemens (1983) J. Chem. Phys.,
TH_66.31_O3,ozone_generation_electrical,57,,25,O3,21.44,0.1,20.39,0.29,Thiemens and Heidenreich (1983) Science; Heidenreich and Thiemens (1983) J. Chem. Phys.,
TH_70.38_O3,ozone_generation_electrical,57,,25,O3,23.16,0.1,23.03,0.29,Thiemens and Heidenreich (1983) Science; Heidenreich and Thiemens (1983) J. Chem. Phys.,
TH_89.44_O3,ozone_generation_electrical,57,,25,O3,8.37,0.1,10.16,0.29,Thiemens and Heidenreich (1983) Science; Heidenreich and Thiemens (1983) J. Chem. Phys.,
HT_1.1Torr,ozone_generation_electrical,58,,25,O3,-24.5,,-17.8,,Heidenreich and Thiemens (1986) J. Chem. Phys.,
HT_1.7Torr,ozone_generation_electrical,58,,25,O3,-10.5,,-9.1,,Heidenreich and Thiemens (1986) J. Chem. Phys.,
HT_2Torr,ozone_generation_electrical,58,,25,O3,-5.7,,-5.5,,Heidenreich and Thiemens (1986) J. Chem. Phys.,
HT_2.2Torr,ozone_generation_electrical,58,,25,O3,-3.3,,-3.3,,Heidenreich and Thiemens (1986) J. Chem. Phys.,
HT_2.4Torr,ozone_generation_electrical,58,,25,O3,-1.5,,-1.6,,Heidenreich and Thiemens (1986) J. Chem. Phys.,
HT_3Torr,ozone_generation_electrical,58,,25,O3,4.3,,4.2,,Heidenreich and Thiemens (1986) J. Chem. Phys.,
HT_5.2Torr,ozone_generation_electrical,58,,25,O3,14.8,,14.7,,Heidenreich and Thiemens (1986) J. Chem. Phys.,
HT_7.4Torr,ozone_generation_electrical,58,,25,O3,17.8,,17.8,,Heidenreich and Thiemens (1986) J. Chem. Phys.,
HT_10.2Torr,ozone_generation_electrical,58,,25,O3,19.8,,19.9,,Heidenreich and Thiemens (1986) J. Chem. Phys.,
HT_15.1Torr,ozone_generation_electrical,58,,25,O3,26.2,,26.2,,Heidenreich and Thiemens (1986) J. Chem. Phys.,
HT_20Torr,ozone_generation_electrical,58,,25,O3,32.4,,32.4,,Heidenreich and Thiemens (1986) J. Chem. Phys.,
HT_25.8Torr,ozone_generation_electrical,58,,25,O3,35.8,,35.1,,Heidenreich and Thiemens (1986) J. Chem. Phys.,
HT_30.5Torr,ozone_generation_electrical,58,,25,O3,34.5,,34.3,,Heidenreich and Thiemens (1986) J. Chem. Phys.,
HT_37.3Torr,ozone_generation_electrical,58,,25,O3,35,,34.9,,Heidenreich and Thiemens (1986) J. Chem. Phys.,
HT_43.9Torr,ozone_generation_electrical,58,,25,O3,33.8,,33.8,,Heidenreich and Thiemens (1986) J. Chem. Phys.,
HT_53.2Torr,ozone_generation_electrical,58,,25,O3,31.7,,31.5,,Heidenreich and Thiemens (1986) J. Chem. Phys.,
HT_60.2Torr,ozone_generation_electrical,58,,25,O3,28.5,,29.4,,Heidenreich and Thiemens (1986) J. Chem. Phys.,
HT_64.7Torr,ozone_generation_electrical,58,,25,O3,27.2,,27.8,,Heidenreich and Thiemens (1986) J. Chem. Phys.,
HT_74.3Torr,ozone_generation_electrical,58,,25,O3,27.8,,28.8,,Heidenreich and Thiemens (1986) J. Chem. Phys.,
HT_86Torr,ozone_generation_electrical,58,,25,O3,23.3,,23.6,,Heidenreich and Thiemens (1986) J. Chem. Phys.,
HT_92.2Torr,ozone_generation_electrical,58,,25,O3,23.3,,24,,Heidenreich and Thiemens (1986) J. Chem. Phys.,
HT_106.5Torr,ozone_generation_electrical,58,,25,O3,25.4,,25.5,,Heidenreich and Thiemens (1986) J. Chem. Phys.,
HT_120.2Torr,ozone_generation_electrical,58,,25,O3,21,,21.3,,Heidenreich and Thiemens (1986) J. Chem. Phys.,
HT_136.6Torr,ozone_generation_electrical,58,,25,O3,21.2,,21.5,,Heidenreich and Thiemens (1986) J. Chem. Phys.,
HT_151.8Torr,ozone_generation_electrical,58,,25,O3,15.7,,16.3,,Heidenreich and Thiemens (1986) J. Chem. Phys.,
HT_151.2Torr,ozone_generation_electrical,58,,25,O3,12.5,,12.3,,Heidenreich and Thiemens (1986) J. Chem. Phys.,
HT_HeO2_17.8Torr,ozone_generation_electrical,58,,25,O3,22,,21.7,,Heidenreich and Thiemens (1986) J. Chem. Phys.,
HT_HeO2_29.9Torr,ozone_generation_electrical,58,,25,O3,23.7,,23.2,,Heidenreich and Thiemens (1986) J. Chem. Phys.,
HT_HeO2_59Torr,ozone_generation_electrical,58,,25,O3,25.1,,24.9,,Heidenreich and Thiemens (1986) J. Chem. Phys.,
HT_HeO2_88.3Torr,ozone_generation_electrical,58,,25,O3,28.9,,28,,Heidenreich and Thiemens (1986) J. Chem. Phys.,
HT_HeO2_115.8Torr,ozone_generation_electrical,58,,25,O3,28,,27.9,,Heidenreich and Thiemens (1986) J. Chem. Phys.,
HT_HeO2_146.4Torr,ozone_generation_electrical,58,,25,O3,27.4,,27,,Heidenreich and Thiemens (1986) J. Chem. Phys.,
HT_HeO2_174.2Torr,ozone_generation_electrical,58,,25,O3,25.8,,25.2,,Heidenreich and Thiemens (1986) J. Chem. Phys.,
HT_HeO2_233.6Torr,ozone_generation_electrical,58,,25,O3,19.9,,16.2,,Heidenreich and Thiemens (1986) J. Chem. Phys.,
HT_HeO2_291.9Torr,ozone_generation_electrical,58,,25,O3,19.8,,19.3,,Heidenreich and Thiemens (1986) J. Chem. Phys.,
HT_HeO2_418.8Torr,ozone_generation_electrical,58,,25,O3,8.8,,8.9,,Heidenreich and Thiemens (1986) J. Chem. Phys.,
Mea_1Torr,ozone_generation_electrical,59,,25,O3,-4,,10,,Morton et al. (1990) JGR,
Mea_1.5Torr,ozone_generation_electrical,59,,25,O3,29,,26,,Morton et al. (1990) JGR,
Mea_2Torr,ozone_generation_electrical,59,,25,O3,45,,44,,Morton et al. (1990) JGR,
Mea_3Torr,ozone_generation_electrical,59,,25,O3,93,,73,,Morton et al. (1990) JGR,
Mea_4Torr,ozone_generation_electrical,59,,25,O3,126,,107,,Morton et al. (1990) JGR,
Mea_7Torr,ozone_generation_electrical,59,,25,O3,133,,119,,Morton et al. (1990) JGR,
Mea_10Torr,ozone_generation_electrical,59,,25,O3,147,,122,,Morton et al. (1990) JGR,
Mea_15Torr,ozone_generation_electrical,59,,25,O3,147,,116,,Morton et al. (1990) JGR,
Mea_24Torr,ozone_generation_electrical,59,,25,O3,145,,113,,Morton et al. (1990) JGR,
Mea_35Torr,ozone_generation_electrical,59,,25,O3,143,,114,,Morton et al. (1990) JGR,
Mea_54Torr,ozone_generation_electrical,59,,25,O3,144,,115,,Morton et al. (1990) JGR,
Mea_80Torr,ozone_generation_electrical,59,,25,O3,146,,117,,Morton et al. (1990) JGR,
Mea_120Torr,ozone_generation_electrical,59,,25,O3,150,,116,,Morton et al. (1990) JGR,
Mea_180Torr,ozone_generation_electrical,59,,25,O3,147,,108,,Morton et al. (1990) JGR,
Mea_270Torr,ozone_generation_electrical,59,,25,O3,141,,111,,Morton et al. (1990) JGR,
Mea_400Torr,ozone_generation_electrical,59,,25,O3,120,,92,,Morton et al. (1990) JGR,
Mea_600Torr,ozone_generation_electrical,59,,25,O3,104,,79,,Morton et al. (1990) JGR,
Mea_740Torr,ozone_generation_electrical,59,,25,O3,99,,80,,Morton et al. (1990) JGR,
50W_0.02Torr,ozone_generation_microwave,60,,25,O3,-19.9,,-7.3,,Bains-Sahota and Thiemens (1987) J. Phys. Chem.,
13W_0.47Torr,ozone_generation_microwave,60,,25,O3,-34.9,,-18.2,,Bains-Sahota and Thiemens (1987) J. Phys. Chem.,
48W_0.8Torr,ozone_generation_microwave,60,,25,O3,-42.5,,-22.9,,Bains-Sahota and Thiemens (1987) J. Phys. Chem.,
45W_0.112Torr,ozone_generation_microwave,60,,25,O3,-53.6,,-27.9,,Bains-Sahota and Thiemens (1987) J. Phys. Chem.,
18W_0.216Torr,ozone_generation_microwave,60,,25,O3,-69.8,,-37.5,,Bains-Sahota and Thiemens (1987) J. Phys. Chem.,
40W_0.46Torr,ozone_generation_microwave,60,,25,O3,-65.9,,-35.9,,Bains-Sahota and Thiemens (1987) J. Phys. Chem.,
48W_0.9Torr,ozone_generation_microwave,60,,25,O3,-70.4,,-38.8,,Bains-Sahota and Thiemens (1987) J. Phys. Chem.,
18W_1Torr,ozone_generation_microwave,60,,25,O3,-70.5,,-39.7,,Bains-Sahota and Thiemens (1987) J. Phys. Chem.,
20W_2Torr,ozone_generation_microwave,60,,25,O3,-73.8,,-41.5,,Bains-Sahota and Thiemens (1987) J. Phys. Chem.,
30W_2.5Torr,ozone_generation_microwave,60,,25,O3,-73.3,,-41.5,,Bains-Sahota and Thiemens (1987) J. Phys. Chem.,
40W_4.3Torr,ozone_generation_microwave,60,,25,O3,-62.8,,-39.9,,Bains-Sahota and Thiemens (1987) J. Phys. Chem.,
40W_5Torr,ozone_generation_microwave,60,,25,O3,-70.3,,-43.3,,Bains-Sahota and Thiemens (1987) J. Phys. Chem.,
70W_5Torr,ozone_generation_microwave,60,,25,O3,-71.9,,-41.9,,Bains-Sahota and Thiemens (1987) J. Phys. Chem.,
68W_9Torr,ozone_generation_microwave,60,,25,O3,-45.9,,-24.6,,Bains-Sahota and Thiemens (1987) J. Phys. Chem.,
70W_12Torr,ozone_generation_microwave,60,,25,O3,-36.5,,-17.3,,Bains-Sahota and Thiemens (1987) J. Phys. Chem.,
70W_13Torr,ozone_generation_microwave,60,,25,O3,-29.3,,-13.6,,Bains-Sahota and Thiemens (1987) J. Phys. Chem.,
25W_16Torr,ozone_generation_microwave,60,,25,O3,-27.1,,-11.6,,Bains-Sahota and Thiemens (1987) J. Phys. Chem.,
82W_19Torr,ozone_generation_microwave,60,,25,O3,-19.6,,-4.97,,Bains-Sahota and Thiemens (1987) J. Phys. Chem.,
26W_34Torr,ozone_generation_microwave,60,,25,O3,31.8,,30.6,,Bains-Sahota and Thiemens (1987) J. Phys. Chem.,
100W_50Torr,ozone_generation_microwave,60,,25,O3,72.9,,62.8,,Bains-Sahota and Thiemens (1987) J. Phys. Chem.,
102W_62Torr,ozone_generation_microwave,60,,25,O3,101.1,,81.7,,Bains-Sahota and Thiemens (1987) J. Phys. Chem.,
1L_13Torr,ozone_generation_photo,61,157-200,-196,O3,83,,85.3,,Thiemens and Jackson (1987) GRL,
2L_37Torr,ozone_generation_photo,61,157-200,-196,O3,84.8,,82.8,,Thiemens and Jackson (1987) GRL,
3L_1.6Torr,ozone_generation_photo,61,157-200,-196,O3,15.9,,26.6,,Thiemens and Jackson (1987) GRL,
4L_2.3Torr,ozone_generation_photo,61,157-200,-196,O3,23.2,,34.9,,Thiemens and Jackson (1987) GRL,
5L_3.4Torr,ozone_generation_photo,61,157-200,-196,O3,38.6,,46,,Thiemens and Jackson (1987) GRL,
6S_7Torr,ozone_generation_photo,61,157-200,-196,O3,78.4,,76.9,,Thiemens and Jackson (1987) GRL,
7S_3.8Torr,ozone_generation_photo,61,157-200,-196,O3,46.4,,49.7,,Thiemens and Jackson (1987) GRL,
8S_15Torr,ozone_generation_photo,61,157-200,-196,O3,86,,79.3,,Thiemens and Jackson (1987) GRL,
9S_39Torr,ozone_generation_photo,61,157-200,-196,O3,88,,82.8,,Thiemens and Jackson (1987) GRL,
10S_54Torr,ozone_generation_photo,61,157-200,-196,O3,93.4,,87.3,,Thiemens and Jackson (1987) GRL,
11S_138Torr,ozone_generation_photo,61,157-200,-196,O3,88.5,,77.7,,Thiemens and Jackson (1987) GRL,
12S_6.5Torr,ozone_generation_photo,61,157-200,-196,O3,83.8,,79.1,,Thiemens and Jackson (1987) GRL,
13S_2.9Torr,ozone_generation_photo,61,157-200,-196,O3,37.2,,44.4,,Thiemens and Jackson (1987) GRL,
14S_94Torr,ozone_generation_photo,61,157-200,-196,O3,90.2,,94,,Thiemens and Jackson (1987) GRL,
Xe_69Torr,ozone_generation_photo,62,155-200,-196,O3,100.8,,95.2,,Thiemens and Jackson (1988) GRL,
Xe_11.8Torr,ozone_generation_photo,62,155-200,-196,O3,99.5,,94.5,,Thiemens and Jackson (1988) GRL,
Xe_4.9Torr,ozone_generation_photo,62,155-200,-196,O3,102,,95,,Thiemens and Jackson (1988) GRL,
Kr_66.8Torr,ozone_generation_photo,63,120-160,-196,O3,98.7,,93.4,,Thiemens and Jackson (1988) GRL,
Kr_2.1Torr,ozone_generation_photo,63,120-160,-196,O3,108.9,,95.5,,Thiemens and Jackson (1988) GRL,
Kr_2.1Torr,ozone_generation_photo,63,120-160,-196,O3,113.5,,98.7,,Thiemens and Jackson (1988) GRL,
Kr_163.8Torr,ozone_generation_photo,63,120-160,-196,O3,92.1,,87,,Thiemens and Jackson (1988) GRL,
Kr_159.3Torr,ozone_generation_photo,63,120-160,-196,O3,93.3,,87.3,,Thiemens and Jackson (1988) GRL,
Kr_160Torr,ozone_generation_photo,63,120-160,-196,O3,98.7,,87.3,,Thiemens and Jackson (1988) GRL,
Kr_14Torr,ozone_generation_photo,63,120-160,-196,O3,101.8,,93.1,,Thiemens and Jackson (1988) GRL,
Kr(RT)_33.3Torr,ozone_generation_photo,64,120-160,25,O3,121.1,,106,,Thiemens and Jackson (1988) GRL,
Kr(RT)_15.1Torr,ozone_generation_photo,64,120-160,25,O3,123.5,,106.5,,Thiemens and Jackson (1988) GRL,
Kr(RT)_8Torr,ozone_generation_photo,64,120-160,25,O3,126.3,,104.6,,Thiemens and Jackson (1988) GRL,
Kr(RT)_300Torr,ozone_generation_photo,64,120-160,25,O3,99.2,,89,,Thiemens and Jackson (1988) GRL,
Kr(RT)_700Torr,ozone_generation_photo,64,120-160,25,O3,88.5,,76.9,,Thiemens and Jackson (1988) GRL,
Kr(RT)_445.8Torr,ozone_generation_photo,64,120-160,25,O3,99,,85.3,,Thiemens and Jackson (1988) GRL,
Kr(RT)_600Torr,ozone_generation_photo,64,120-160,25,O3,96,,81.9,,Thiemens and Jackson (1988) GRL,
Kr(RT)_700Torr,ozone_generation_photo,64,120-160,25,O3,92.5,,78,,Thiemens and Jackson (1988) GRL,
Kr(RT)_742.8Torr,ozone_generation_photo,64,120-160,25,O3,91.1,,77.7,,Thiemens and Jackson (1988) GRL,
Kr(RT)_160Torr,ozone_generation_photo,64,120-160,25,O3,103.6,,93.9,,Thiemens and Jackson (1988) GRL,
Kr(RT)_760Torr,ozone_generation_photo,64,120-160,25,O3,87,,75.2,,Thiemens and Jackson (1988) GRL,
Kr(RT)_80Torr,ozone_generation_photo,64,120-160,25,O3,114.3,,99.2,,Thiemens and Jackson (1988) GRL,
Kr(RT)_525Torr,ozone_generation_photo,64,120-160,25,O3,92.2,,82.7,,Thiemens and Jackson (1988) GRL,
Kr(RT)_650Torr,ozone_generation_photo,64,120-160,25,O3,94,,85.3,,Thiemens and Jackson (1988) GRL,
Kr(RT)_13.4Torr,ozone_generation_photo,64,120-160,25,O3,114,,99.5,,Thiemens and Jackson (1988) GRL,
Kr(RT)_7Torr,ozone_generation_photo,64,120-160,25,O3,131.3,,108.6,,Thiemens and Jackson (1988) GRL,
Kr(RT)_3.6Torr,ozone_generation_photo,64,120-160,25,O3,142.1,,113.1,,Thiemens and Jackson (1988) GRL,
Kr(RT)_7Torr,ozone_generation_photo,64,120-160,25,O3,134.3,,109.5,,Thiemens and Jackson (1988) GRL,
Mea_5Torr,ozone_generation_photo,65,590,44,O3,125,,112,,Morton et al. (1990) JGR,
Mea_12.5Torr,ozone_generation_photo,65,590,44,O3,129,,112,,Morton et al. (1990) JGR,
Mea_50Torr,ozone_generation_photo,65,590,44,O3,123,,104,,Morton et al. (1990) JGR,
Mea_160Torr,ozone_generation_photo,65,590,44,O3,110,,103,,Morton et al. (1990) JGR,
Mea_500Torr,ozone_generation_photo,65,590,44,O3,94,,87,,Morton et al. (1990) JGR,
Mea_1000Torr,ozone_generation_photo,65,590,44,O3,84,,75,,Morton et al. (1990) JGR,
Mea_N2O2_50Torr,ozone_generation_photo,65,590,44,O3,131,,104,,Morton et al. (1990) JGR,
Mea_N2O2_500Torr,ozone_generation_photo,65,590,44,O3,96,,80,,Morton et al. (1990) JGR,
Mea_N2O2_1000Torr,ozone_generation_photo,65,590,44,O3,74,,75,,Morton et al. (1990) JGR,
ST_1,peroxide_formation_recombination,66,,-196,H2O2,-19.2,,-21.8,,Savarino and Thiemens (1999) JPC-A,
ST_2,peroxide_formation_recombination,66,,-196,H2O2,-21.1,,-22.4,,Savarino and Thiemens (1999) JPC-A,
ST_3,peroxide_formation_recombination,66,,-196,H2O2,-10.3,,-15.7,,Savarino and Thiemens (1999) JPC-A,
ST_4,peroxide_formation_recombination,66,,-196,H2O2,-9.6,,-14.6,,Savarino and Thiemens (1999) JPC-A,
ST_5,peroxide_formation_recombination,66,,-196,H2O2,-19.6,,-18.7,,Savarino and Thiemens (1999) JPC-A,
ST_6,peroxide_formation_recombination,66,,-196,H2O2,-21.2,,-18.5,,Savarino and Thiemens (1999) JPC-A,
ST_7,peroxide_formation_recombination,66,,-196,H2O2,-3.5,,-7.8,,Savarino and Thiemens (1999) JPC-A,
ST_8,peroxide_formation_recombination,66,,-196,H2O2,-6.8,,-12.3,,Savarino and Thiemens (1999) JPC-A,
ST_9,peroxide_formation_recombination,66,,-196,H2O2,-1.8,,-8.6,,Savarino and Thiemens (1999) JPC-A,
ST_10,peroxide_formation_recombination,66,,-196,H2O2,11.8,,5.3,,Savarino and Thiemens (1999) JPC-A,
ST_11,peroxide_formation_recombination,66,,-196,H2O2,16,,10.6,,Savarino and Thiemens (1999) JPC-A,
ST_12,peroxide_formation_recombination,66,,-196,H2O2,24.8,,18.3,,Savarino and Thiemens (1999) JPC-A,
ST_13,peroxide_formation_recombination,66,,-196,H2O2,29.6,,19.6,,Savarino and Thiemens (1999) JPC-A,
ST_14,peroxide_formation_recombination,66,,-196,H2O2,29.6,,19.2,,Savarino and Thiemens (1999) JPC-A,
ST_15,peroxide_formation_recombination,66,,-196,H2O2,31.6,,21.3,,Savarino and Thiemens (1999) JPC-A,
ST_16,peroxide_formation_recombination,66,,-196,H2O2,35.9,,29.2,,Savarino and Thiemens (1999) JPC-A,
ST_17,peroxide_formation_recombination,66,,-196,H2O2,53.9,,40.8,,Savarino and Thiemens (1999) JPC-A,
ST_18,peroxide_formation_recombination,66,,-196,H2O2,55.4,,41.9,,Savarino and Thiemens (1999) JPC-A,
ST_1,peroxide_formation_recombination,66,,-196,O2,-7.3,,-15.3,,Savarino and Thiemens (1999) JPC-A,
ST_2,peroxide_formation_recombination,66,,-196,O2,-9.7,,-15.7,,Savarino and Thiemens (1999) JPC-A,
ST_3,peroxide_formation_recombination,66,,-196,O2,-6.7,,-13.3,,Savarino and Thiemens (1999) JPC-A,
ST_7,peroxide_formation_recombination,66,,-196,O2,-6,,-8.1,,Savarino and Thiemens (1999) JPC-A,
ST_8,peroxide_formation_recombination,66,,-196,O2,-6.9,,-11.8,,Savarino and Thiemens (1999) JPC-A,
ST_10,peroxide_formation_recombination,66,,-196,O2,6.1,,2.8,,Savarino and Thiemens (1999) JPC-A,
ST_11,peroxide_formation_recombination,66,,-196,O2,22.9,,14,,Savarino and Thiemens (1999) JPC-A,
ST_12,peroxide_formation_recombination,66,,-196,O2,32.3,,21.9,,Savarino and Thiemens (1999) JPC-A,
ST_13,peroxide_formation_recombination,66,,-196,O2,31,,20.2,,Savarino and Thiemens (1999) JPC-A,
ST_14,peroxide_formation_recombination,66,,-196,O2,38.4,,25.1,,Savarino and Thiemens (1999) JPC-A,
ST_15,peroxide_formation_recombination,66,,-196,O2,45.3,,36.2,,Savarino and Thiemens (1999) JPC-A,
ST_16,peroxide_formation_recombination,66,,-196,O2,50.1,,40.8,,Savarino and Thiemens (1999) JPC-A,
ST_17,peroxide_formation_recombination,66,,-196,O2,58,,44.7,,Savarino and Thiemens (1999) JPC-A,
HT_50.9mmHg,CO2_decomposition_electrical,67,,25,O2,-24.33,,-15.14,,Heidenreich and Thiemens (1985) GCA,
HT_51mmHg,CO2_decomposition_electrical,67,,25,O2,-25.41,,-18.6,,Heidenreich and Thiemens (1985) GCA,
HT_71mmHg,CO2_decomposition_electrical,67,,25,O2,-26.91,,-18.96,,Heidenreich and Thiemens (1985) GCA,
HT_194.8mmHg,CO2_decomposition_electrical,67,,25,O2,-31.12,,-23.82,,Heidenreich and Thiemens (1985) GCA,
HT_397mmHg,CO2_decomposition_electrical,67,,25,O2,-35.35,,-26.32,,Heidenreich and Thiemens (1985) GCA,
HT_578mmHg,CO2_decomposition_electrical,67,,25,O2,-20.83,,-12.87,,Heidenreich and Thiemens (1985) GCA,
TJ_O3_photo_0.8atm,ozone_generation_photo,68,184,25,O3,89.8,,83.5,,Thiemens and Jackson (1990) GRL,
TJ_O3_photo_1.5atm,ozone_generation_photo,68,184,25,O3,74.1,,68.3,,Thiemens and Jackson (1990) GRL,
TJ_O3_photo_4.1atm,ozone_generation_photo,68,184,25,O3,53,,50.1,,Thiemens and Jackson (1990) GRL,
TJ_O3_photo_6.8atm,ozone_generation_photo,68,184,25,O3,42,,39.9,,Thiemens and Jackson (1990) GRL,
TJ_O3_photo_8.5atm,ozone_generation_photo,68,184,25,O3,31.2,,32.7,,Thiemens and Jackson (1990) GRL,
TJ_O3_photo_8.8atm,ozone_generation_photo,68,184,25,O3,32.5,,33.5,,Thiemens and Jackson (1990) GRL,
TJ_O3_photo_10.2atm,ozone_generation_photo,68,184,25,O3,29.7,,28.8,,Thiemens and Jackson (1990) GRL,
TJ_O3_photo_12.2atm,ozone_generation_photo,68,184,25,O3,24.6,,26.9,,Thiemens and Jackson (1990) GRL,
TJ_O3_photo_16atm,ozone_generation_photo,68,184,25,O3,20.1,,21.2,,Thiemens and Jackson (1990) GRL,
TJ_O3_photo_21atm,ozone_generation_photo,68,184,25,O3,14.9,,17,,Thiemens and Jackson (1990) GRL,
TJ_O3_photo_30atm,ozone_generation_photo,68,184,25,O3,12,,12,,Thiemens and Jackson (1990) GRL,
TJ_O3_photo_35atm,ozone_generation_photo,68,184,25,O3,10.4,,10.5,,Thiemens and Jackson (1990) GRL,
TJ_O3_photo_45atm,ozone_generation_photo,68,184,25,O3,6.2,,6.6,,Thiemens and Jackson (1990) GRL,
TJ_O3_photo_54atm,ozone_generation_photo,68,184,25,O3,1.1,,3.5,,Thiemens and Jackson (1990) GRL,
TJ_O3_photo_61atm,ozone_generation_photo,68,184,25,O3,-2.5,,0.9,,Thiemens and Jackson (1990) GRL,
TJ_O3_photo_70atm,ozone_generation_photo,68,184,25,O3,-3.1,,0,,Thiemens and Jackson (1990) GRL,
TJ_O3_photo_78atm,ozone_generation_photo,68,184,25,O3,-6.2,,-1.7,,Thiemens and Jackson (1990) GRL,
TJ_O3_photo_85atm,ozone_generation_photo,68,184,25,O3,-3.3,,-1.2,,Thiemens and Jackson (1990) GRL,
TJ_O3_photo_87atm,ozone_generation_photo,68,184,25,O3,-4.8,,-2.1,,Thiemens and Jackson (1990) GRL,
O3_photo_O2bath_50Torr,ozone_generation_photo,69,184.9,25,O3,111.8218765,5.6,106.8299184,3.5,Feilberg et al. (2013) Chem. Phys. Lett.,
O3_photo_O2bath_100Torr,ozone_generation_photo,69,184.9,25,O3,99.54889474,3.2,98.88936328,3.5,Feilberg et al. (2013) Chem. Phys. Lett.,
O3_photo_O2bath_175Torr,ozone_generation_photo,69,184.9,25,O3,99.76882651,0.05,97.79102318,0.08,Feilberg et al. (2013) Chem. Phys. Lett.,
O3_photo_O2bath_300Torr,ozone_generation_photo,69,184.9,25,O3,94.94047384,1.6,92.31576761,1.1,Feilberg et al. (2013) Chem. Phys. Lett.,
O3_photo_O2bath_400Torr,ozone_generation_photo,69,184.9,25,O3,91.44226444,1.8,89.04373082,1.3,Feilberg et al. (2013) Chem. Phys. Lett.,
O3_photo_O2bath_500Torr,ozone_generation_photo,69,184.9,25,O3,88.60820044,3.9,85.45580983,4,Feilberg et al. (2013) Chem. Phys. Lett.,
O3_photo_O2bath_600Torr,ozone_generation_photo,69,184.9,25,O3,83.3954018,0.04,82.09610705,0.02,Feilberg et al. (2013) Chem. Phys. Lett.,
O3_photo_O2bath_700Torr,ozone_generation_photo,69,184.9,25,O3,78.96257416,2.9,78.53107543,1.2,Feilberg et al. (2013) Chem. Phys. Lett.,
O3_photo_O2bath_760Torr,ozone_generation_photo,69,184.9,25,O3,77.45308344,3,76.91449156,2.1,Feilberg et al. (2013) Chem. Phys. Lett.,
O3_photo_Arbath_100Torr,ozone_generation_photo,70,184.9,25,O3,107.8265137,4.9,103.4040585,2,Feilberg et al. (2013) Chem. Phys. Lett.,
O3_photo_Arbath_300Torr,ozone_generation_photo,70,184.9,25,O3,103.7351293,5,99.43894535,3.3,Feilberg et al. (2013) Chem. Phys. Lett.,
O3_photo_Arbath_500Torr,ozone_generation_photo,70,184.9,25,O3,94.39314045,4.5,91.44226444,3.4,Feilberg et al. (2013) Chem. Phys. Lett.,
O3_photo_Arbath_700Torr,ozone_generation_photo,70,184.9,25,O3,90.5694598,1.1,87.95523143,3.3,Feilberg et al. (2013) Chem. Phys. Lett.,
O3_photo_CO2bath_175Torr,ozone_generation_photo,71,184.9,25,O3,98.44989544,0.09,94.83098527,1.6,Feilberg et al. (2013) Chem. Phys. Lett.,
O3_photo_CO2bath_300Torr,ozone_generation_photo,71,184.9,25,O3,91.22399782,0.05,88.82594385,0.05,Feilberg et al. (2013) Chem. Phys. Lett.,
O3_photo_CO2bath_500Torr,ozone_generation_photo,71,184.9,25,O3,84.2624649,0.04,82.8538395,0.05,Feilberg et al. (2013) Chem. Phys. Lett.,
O3_photo_SF6bath_100Torr,ozone_generation_photo,72,184.9,25,O3,36.86319839,2.3,37.07059177,0.04,Feilberg et al. (2013) Chem. Phys. Lett.,
O3_photo_SF6bath_175Torr,ozone_generation_photo,72,184.9,25,O3,30.86679821,2.2,32.72402946,1.7,Feilberg et al. (2013) Chem. Phys. Lett.,
O3_photo_SF6bath_300Torr,ozone_generation_photo,72,184.9,25,O3,19.48744898,2.6,18.87593998,1.5,Feilberg et al. (2013) Chem. Phys. Lett.,
O3_photo_SF6bath_400Torr,ozone_generation_photo,72,184.9,25,O3,13.38883841,2.2,11.9710867,2.7,Feilberg et al. (2013) Chem. Phys. Lett.,
O3_photo_SF6bath_500Torr,ozone_generation_photo,72,184.9,25,O3,9.84817725,2.4,10.05016708,1.3,Feilberg et al. (2013) Chem. Phys. Lett.,
O3_photo_SF6bath_600Torr,ozone_generation_photo,72,184.9,25,O3,7.326709955,2.3,7.628953302,1,Feilberg et al. (2013) Chem. Phys. Lett.,
O3_photo_SF6bath_700Torr,ozone_generation_photo,72,184.9,25,O3,1.200720288,2.2,1.200720288,1.5,Feilberg et al. (2013) Chem. Phys. Lett.,
Vea_1,peroxide_formation_water_electrolysis,73,,70,H2O2,-0.8,0.16,1.008,0.24,Velivetskaya et al. (2016) GCA,Corrected to initial H2O (d18O = -11.0; assume mass-dependent with th=0.528)
Vea_2,peroxide_formation_water_electrolysis,73,,70,H2O2,1.4,0.16,2.208,0.24,Velivetskaya et al. (2016) GCA,Corrected to initial H2O (d18O = -11.0; assume mass-dependent with th=0.528)
Vea_3,peroxide_formation_water_electrolysis,73,,70,H2O2,1.4,0.16,2.208,0.24,Velivetskaya et al. (2016) GCA,Corrected to initial H2O (d18O = -11.0; assume mass-dependent with th=0.528)
Vea_4,peroxide_formation_water_electrolysis,73,,70,H2O2,0.3,0.16,1.608,0.24,Velivetskaya et al. (2016) GCA,Corrected to initial H2O (d18O = -11.0; assume mass-dependent with th=0.528)
Vea_5,peroxide_formation_water_electrolysis,73,,70,H2O2,1.6,0.16,2.208,0.24,Velivetskaya et al. (2016) GCA,Corrected to initial H2O (d18O = -11.0; assume mass-dependent with th=0.528)
Vea_6,peroxide_formation_water_electrolysis,73,,70,H2O2,1.7,0.16,2.308,0.24,Velivetskaya et al. (2016) GCA,Corrected to initial H2O (d18O = -11.0; assume mass-dependent with th=0.528)
Vea_7,peroxide_formation_water_electrolysis,73,,70,H2O2,-0.6,0.16,1.008,0.24,Velivetskaya et al. (2016) GCA,Corrected to initial H2O (d18O = -11.0; assume mass-dependent with th=0.528)
Vea_8,peroxide_formation_water_electrolysis,73,,70,H2O2,0.3,0.16,1.608,0.24,Velivetskaya et al. (2016) GCA,Corrected to initial H2O (d18O = -11.0; assume mass-dependent with th=0.528)
Vea_9,peroxide_formation_water_electrolysis,73,,70,H2O2,6.9,0.16,5.208,0.24,Velivetskaya et al. (2016) GCA,Corrected to initial H2O (d18O = -11.0; assume mass-dependent with th=0.528)
Vea_10,peroxide_formation_water_electrolysis,73,,70,H2O2,12,0.16,8.208,0.24,Velivetskaya et al. (2016) GCA,Corrected to initial H2O (d18O = -11.0; assume mass-dependent with th=0.528)
Vea_11,peroxide_formation_water_electrolysis,73,,70,H2O2,14,0.16,9.508,0.24,Velivetskaya et al. (2016) GCA,Corrected to initial H2O (d18O = -11.0; assume mass-dependent with th=0.528)
Vea_12,peroxide_formation_water_electrolysis,73,,70,H2O2,15.7,0.16,10.508,0.24,Velivetskaya et al. (2016) GCA,Corrected to initial H2O (d18O = -11.0; assume mass-dependent with th=0.528)
Vea_13,peroxide_formation_water_electrolysis,73,,70,H2O2,14.5,0.16,10.008,0.24,Velivetskaya et al. (2016) GCA,Corrected to initial H2O (d18O = -11.0; assume mass-dependent with th=0.528)
Vea_14,peroxide_formation_water_electrolysis,73,,70,H2O2,19.4,0.16,12.708,0.24,Velivetskaya et al. (2016) GCA,Corrected to initial H2O (d18O = -11.0; assume mass-dependent with th=0.528)
Vea_15,peroxide_formation_water_electrolysis,73,,70,H2O2,18.7,0.16,12.308,0.24,Velivetskaya et al. (2016) GCA,Corrected to initial H2O (d18O = -11.0; assume mass-dependent with th=0.528)
Vea_16,peroxide_formation_water_electrolysis,73,,70,H2O2,20,0.16,13.108,0.24,Velivetskaya et al. (2016) GCA,Corrected to initial H2O (d18O = -11.0; assume mass-dependent with th=0.528)
Vea_17,peroxide_formation_water_electrolysis,73,,70,H2O2,22.6,0.16,14.408,0.24,Velivetskaya et al. (2016) GCA,Corrected to initial H2O (d18O = -11.0; assume mass-dependent with th=0.528)
Vea_18,peroxide_formation_water_electrolysis,73,,70,H2O2,21.9,0.16,14.008,0.24,Velivetskaya et al. (2016) GCA,Corrected to initial H2O (d18O = -11.0; assume mass-dependent with th=0.528)
Vea_19,peroxide_formation_water_electrolysis,73,,70,H2O2,22.5,0.16,14.408,0.24,Velivetskaya et al. (2016) GCA,Corrected to initial H2O (d18O = -11.0; assume mass-dependent with th=0.528)
Vea_20,peroxide_formation_water_electrolysis,73,,70,H2O2,24.8,0.16,15.508,0.24,Velivetskaya et al. (2016) GCA,Corrected to initial H2O (d18O = -11.0; assume mass-dependent with th=0.528)
Vea_21,peroxide_formation_water_electrolysis,73,,70,H2O2,23.8,0.16,15.108,0.24,Velivetskaya et al. (2016) GCA,Corrected to initial H2O (d18O = -11.0; assume mass-dependent with th=0.528)
Vea_22,peroxide_formation_water_electrolysis,73,,70,H2O2,21.7,0.16,13.908,0.24,Velivetskaya et al. (2016) GCA,Corrected to initial H2O (d18O = -11.0; assume mass-dependent with th=0.528)
Vea_23,peroxide_formation_water_electrolysis,73,,70,H2O2,23.7,0.16,15.008,0.24,Velivetskaya et al. (2016) GCA,Corrected to initial H2O (d18O = -11.0; assume mass-dependent with th=0.528)
Vea_24,peroxide_formation_water_electrolysis,73,,70,H2O2,23.5,0.16,14.808,0.24,Velivetskaya et al. (2016) GCA,Corrected to initial H2O (d18O = -11.0; assume mass-dependent with th=0.528)
Vea_O2_1,peroxide_formation_water_electrolysis,74,,70,H2O2,3.4,0.16,3.204,0.24,Velivetskaya et al. (2018) Chem. Phys. Lett.,Corrected to initial H2O (d18O = -10.5; assume mass-dependent with th=0.528)
Vea_O2_2,peroxide_formation_water_electrolysis,74,,70,H2O2,5.01,0.16,4.094,0.24,Velivetskaya et al. (2018) Chem. Phys. Lett.,Corrected to initial H2O (d18O = -10.5; assume mass-dependent with th=0.528)
Vea_O2_3,peroxide_formation_water_electrolysis,74,,70,H2O2,6.34,0.16,4.994,0.24,Velivetskaya et al. (2018) Chem. Phys. Lett.,Corrected to initial H2O (d18O = -10.5; assume mass-dependent with th=0.528)
Vea_O2_4,peroxide_formation_water_electrolysis,74,,70,H2O2,8.1,0.16,5.984,0.24,Velivetskaya et al. (2018) Chem. Phys. Lett.,Corrected to initial H2O (d18O = -10.5; assume mass-dependent with th=0.528)
Vea_O2_5,peroxide_formation_water_electrolysis,74,,70,H2O2,11.14,0.16,7.744,0.24,Velivetskaya et al. (2018) Chem. Phys. Lett.,Corrected to initial H2O (d18O = -10.5; assume mass-dependent with th=0.528)
Vea_O2_6,peroxide_formation_water_electrolysis,74,,70,H2O2,12.8,0.16,8.734,0.24,Velivetskaya et al. (2018) Chem. Phys. Lett.,Corrected to initial H2O (d18O = -10.5; assume mass-dependent with th=0.528)
Vea_O2_7,peroxide_formation_water_electrolysis,74,,70,H2O2,14.4,0.16,9.644,0.24,Velivetskaya et al. (2018) Chem. Phys. Lett.,Corrected to initial H2O (d18O = -10.5; assume mass-dependent with th=0.528)
Vea_O2_8,peroxide_formation_water_electrolysis,74,,70,H2O2,15.7,0.16,10.434,0.24,Velivetskaya et al. (2018) Chem. Phys. Lett.,Corrected to initial H2O (d18O = -10.5; assume mass-dependent with th=0.528)
Vea_O2_9,peroxide_formation_water_electrolysis,74,,70,H2O2,21.66,0.16,13.884,0.24,Velivetskaya et al. (2018) Chem. Phys. Lett.,Corrected to initial H2O (d18O = -10.5; assume mass-dependent with th=0.528)
Vea_O2_10,peroxide_formation_water_electrolysis,74,,70,H2O2,23.5,0.16,14.854,0.24,Velivetskaya et al. (2018) Chem. Phys. Lett.,Corrected to initial H2O (d18O = -10.5; assume mass-dependent with th=0.528)
Vea_O2_11,peroxide_formation_water_electrolysis,74,,70,H2O2,26.06,0.16,16.184,0.24,Velivetskaya et al. (2018) Chem. Phys. Lett.,Corrected to initial H2O (d18O = -10.5; assume mass-dependent with th=0.528)
Vea_O2_12,peroxide_formation_water_electrolysis,74,,70,H2O2,24.44,0.16,15.214,0.24,Velivetskaya et al. (2018) Chem. Phys. Lett.,Corrected to initial H2O (d18O = -10.5; assume mass-dependent with th=0.528)
Vea_O2_13,peroxide_formation_water_electrolysis,74,,70,H2O2,24.34,0.16,14.964,0.24,Velivetskaya et al. (2018) Chem. Phys. Lett.,Corrected to initial H2O (d18O = -10.5; assume mass-dependent with th=0.528)
Vea_O2_14,peroxide_formation_water_electrolysis,74,,70,H2O2,23.8,0.16,14.394,0.24,Velivetskaya et al. (2018) Chem. Phys. Lett.,Corrected to initial H2O (d18O = -10.5; assume mass-dependent with th=0.528)
Vea_O2_15,peroxide_formation_water_electrolysis,74,,70,H2O2,20.52,0.16,12.544,0.24,Velivetskaya et al. (2018) Chem. Phys. Lett.,Corrected to initial H2O (d18O = -10.5; assume mass-dependent with th=0.528)
Vea_O2_16,peroxide_formation_water_electrolysis,74,,70,H2O2,17.9,0.16,10.734,0.24,Velivetskaya et al. (2018) Chem. Phys. Lett.,Corrected to initial H2O (d18O = -10.5; assume mass-dependent with th=0.528)
Vea_CO2_1,peroxide_formation_water_electrolysis,75,,70,H2O2,5.52,0.16,4.314,0.24,Velivetskaya et al. (2018) Chem. Phys. Lett.,Corrected to initial H2O (d18O = -10.5; assume mass-dependent with th=0.528)
Vea_CO2_2,peroxide_formation_water_electrolysis,75,,70,H2O2,4.54,0.16,3.854,0.24,Velivetskaya et al. (2018) Chem. Phys. Lett.,Corrected to initial H2O (d18O = -10.5; assume mass-dependent with th=0.528)
Vea_CO2_3,peroxide_formation_water_electrolysis,75,,70,H2O2,5.1,0.16,4.044,0.24,Velivetskaya et al. (2018) Chem. Phys. Lett.,Corrected to initial H2O (d18O = -10.5; assume mass-dependent with th=0.528)
Vea_CO2_4,peroxide_formation_water_electrolysis,75,,70,H2O2,6.68,0.16,5.134,0.24,Velivetskaya et al. (2018) Chem. Phys. Lett.,Corrected to initial H2O (d18O = -10.5; assume mass-dependent with th=0.528)
Vea_CO2_5,peroxide_formation_water_electrolysis,75,,70,H2O2,7.41,0.16,5.584,0.24,Velivetskaya et al. (2018) Chem. Phys. Lett.,Corrected to initial H2O (d18O = -10.5; assume mass-dependent with th=0.528)
Vea_CO2_6,peroxide_formation_water_electrolysis,75,,70,H2O2,7.49,0.16,5.584,0.24,Velivetskaya et al. (2018) Chem. Phys. Lett.,Corrected to initial H2O (d18O = -10.5; assume mass-dependent with th=0.528)
Vea_CO2_7,peroxide_formation_water_electrolysis,75,,70,H2O2,11.7,0.16,8.014,0.24,Velivetskaya et al. (2018) Chem. Phys. Lett.,Corrected to initial H2O (d18O = -10.5; assume mass-dependent with th=0.528)
Vea_CO2_8,peroxide_formation_water_electrolysis,75,,70,H2O2,12.62,0.16,8.464,0.24,Velivetskaya et al. (2018) Chem. Phys. Lett.,Corrected to initial H2O (d18O = -10.5; assume mass-dependent with th=0.528)
Vea_CO2_9,peroxide_formation_water_electrolysis,75,,70,H2O2,13.39,0.16,8.334,0.24,Velivetskaya et al. (2018) Chem. Phys. Lett.,Corrected to initial H2O (d18O = -10.5; assume mass-dependent with th=0.528)
Vea_CO2_10,peroxide_formation_water_electrolysis,75,,70,H2O2,18.84,0.16,11.284,0.24,Velivetskaya et al. (2018) Chem. Phys. Lett.,Corrected to initial H2O (d18O = -10.5; assume mass-dependent with th=0.528)
Vea_Ar_1,peroxide_formation_water_electrolysis,76,,70,H2O2,5.05,0.16,3.974,0.24,Velivetskaya et al. (2018) Chem. Phys. Lett.,Corrected to initial H2O (d18O = -10.5; assume mass-dependent with th=0.528)
Vea_Ar_2,peroxide_formation_water_electrolysis,76,,70,H2O2,5.79,0.16,4.364,0.24,Velivetskaya et al. (2018) Chem. Phys. Lett.,Corrected to initial H2O (d18O = -10.5; assume mass-dependent with th=0.528)
Vea_Ar_3,peroxide_formation_water_electrolysis,76,,70,H2O2,4.95,0.16,3.784,0.24,Velivetskaya et al. (2018) Chem. Phys. Lett.,Corrected to initial H2O (d18O = -10.5; assume mass-dependent with th=0.528)
Vea_Ar_4,peroxide_formation_water_electrolysis,76,,70,H2O2,5.64,0.16,4.264,0.24,Velivetskaya et al. (2018) Chem. Phys. Lett.,Corrected to initial H2O (d18O = -10.5; assume mass-dependent with th=0.528)
Vea_Ar_5,peroxide_formation_water_electrolysis,76,,70,H2O2,4.1,0.16,3.584,0.24,Velivetskaya et al. (2018) Chem. Phys. Lett.,Corrected to initial H2O (d18O = -10.5; assume mass-dependent with th=0.528)
Vea_Ar_6,peroxide_formation_water_electrolysis,76,,70,H2O2,5.69,0.16,4.424,0.24,Velivetskaya et al. (2018) Chem. Phys. Lett.,Corrected to initial H2O (d18O = -10.5; assume mass-dependent with th=0.528)
Vea_Ar_7,peroxide_formation_water_electrolysis,76,,70,H2O2,4.42,0.16,3.594,0.24,Velivetskaya et al. (2018) Chem. Phys. Lett.,Corrected to initial H2O (d18O = -10.5; assume mass-dependent with th=0.528)
Vea_Ar_8,peroxide_formation_water_electrolysis,76,,70,H2O2,4.4,0.16,3.654,0.24,Velivetskaya et al. (2018) Chem. Phys. Lett.,Corrected to initial H2O (d18O = -10.5; assume mass-dependent with th=0.528)
Vea_Ar_9,peroxide_formation_water_electrolysis,76,,70,H2O2,6.2,0.16,4.534,0.24,Velivetskaya et al. (2018) Chem. Phys. Lett.,Corrected to initial H2O (d18O = -10.5; assume mass-dependent with th=0.528)
Vea_Ar_10,peroxide_formation_water_electrolysis,76,,70,H2O2,3.84,0.16,3.124,0.24,Velivetskaya et al. (2018) Chem. Phys. Lett.,Corrected to initial H2O (d18O = -10.5; assume mass-dependent with th=0.528)
Vea_Ar_11,peroxide_formation_water_electrolysis,76,,70,H2O2,1.39,0.16,2.004,0.24,Velivetskaya et al. (2018) Chem. Phys. Lett.,Corrected to initial H2O (d18O = -10.5; assume mass-dependent with th=0.528)
Vea_Ar_12,peroxide_formation_water_electrolysis,76,,70,H2O2,-0.47,0.16,0.954,0.24,Velivetskaya et al. (2018) Chem. Phys. Lett.,Corrected to initial H2O (d18O = -10.5; assume mass-dependent with th=0.528)
Vea_Ar_13,peroxide_formation_water_electrolysis,76,,70,H2O2,-3.62,0.16,-0.576,0.24,Velivetskaya et al. (2018) Chem. Phys. Lett.,Corrected to initial H2O (d18O = -10.5; assume mass-dependent with th=0.528)
Vea_Ar_14,peroxide_formation_water_electrolysis,76,,70,H2O2,-4.93,0.16,-1.246,0.24,Velivetskaya et al. (2018) Chem. Phys. Lett.,Corrected to initial H2O (d18O = -10.5; assume mass-dependent with th=0.528)
Bea_1,ozone_generation_water_electrolysis,77,,25,O2,-17.07,0.2,-8.71,0.2,Bhattacharya et al. (2009) Anal. Chem.,
Bea_2,ozone_generation_water_electrolysis,77,,25,O2,-13.7,0.2,-6.92,0.2,Bhattacharya et al. (2009) Anal. Chem.,
Bea_3,ozone_generation_water_electrolysis,77,,25,O2,-16.04,0.2,-8.25,0.2,Bhattacharya et al. (2009) Anal. Chem.,
Bea_4,ozone_generation_water_electrolysis,77,,25,O2,-18.2,0.2,-9.28,0.2,Bhattacharya et al. (2009) Anal. Chem.,
Bea_5,ozone_generation_water_electrolysis,77,,25,O2,-12.3,0.2,-6.67,0.2,Bhattacharya et al. (2009) Anal. Chem.,
Bea_6,ozone_generation_water_electrolysis,77,,25,O2,-14.22,0.2,-7.38,0.2,Bhattacharya et al. (2009) Anal. Chem.,
Bea_7,ozone_generation_water_electrolysis,77,,25,O2,-17.27,0.2,-8.86,0.2,Bhattacharya et al. (2009) Anal. Chem.,
Bea_8,ozone_generation_water_electrolysis,77,,25,O2,-12.12,0.2,-6.23,0.2,Bhattacharya et al. (2009) Anal. Chem.,
Bea_9,ozone_generation_water_electrolysis,77,,25,O2,-11.35,0.2,-5.74,0.2,Bhattacharya et al. (2009) Anal. Chem.,
Bea_10,ozone_generation_water_electrolysis,77,,25,O2,-17.69,0.2,-9.24,0.2,Bhattacharya et al. (2009) Anal. Chem.,
Bea_11,ozone_generation_water_electrolysis,77,,25,O2,-16.79,0.2,-8.51,0.2,Bhattacharya et al. (2009) Anal. Chem.,
Bea_1,ozone_generation_water_electrolysis,77,,25,H2O2,-13.37,0.2,-6.72,0.2,Bhattacharya et al. (2009) Anal. Chem.,
Bea_2,ozone_generation_water_electrolysis,77,,25,H2O2,-14.69,0.2,-7.43,0.2,Bhattacharya et al. (2009) Anal. Chem.,
Bea_3,ozone_generation_water_electrolysis,77,,25,H2O2,-16.1,0.2,-8.2,0.2,Bhattacharya et al. (2009) Anal. Chem.,
Bea_4,ozone_generation_water_electrolysis,77,,25,H2O2,-14.15,0.2,-7.17,0.2,Bhattacharya et al. (2009) Anal. Chem.,
Bea_5,ozone_generation_water_electrolysis,77,,25,H2O2,-17.32,0.2,-8.83,0.2,Bhattacharya et al. (2009) Anal. Chem.,
Bea_6,ozone_generation_water_electrolysis,77,,25,H2O2,-16.11,0.2,-8.2,0.2,Bhattacharya et al. (2009) Anal. Chem.,
Bea_7,ozone_generation_water_electrolysis,77,,25,H2O2,-15.66,0.2,-7.91,0.2,Bhattacharya et al. (2009) Anal. Chem.,
Bea_8,ozone_generation_water_electrolysis,77,,25,H2O2,-15.14,0.2,-7.62,0.2,Bhattacharya et al. (2009) Anal. Chem.,
Bea_9,ozone_generation_water_electrolysis,77,,25,H2O2,-14.13,0.2,-7.39,0.2,Bhattacharya et al. (2009) Anal. Chem.,
Bea_10,ozone_generation_water_electrolysis,77,,25,H2O2,-15.31,0.2,-7.77,0.2,Bhattacharya et al. (2009) Anal. Chem.,
Bea_11,ozone_generation_water_electrolysis,77,,25,H2O2,-15.88,0.2,-8.1,0.2,Bhattacharya et al. (2009) Anal. Chem.,
Fea_O3_only,ozone_decomposition_photo,78,605,25,O3,2.91023622,0.03,1.564190217,0.08,Frchtl et al. (2015) JGR,
Fea_O3_only,ozone_decomposition_photo,78,605,25,O3,5.776377953,0.03,3.087169639,0.08,Frchtl et al. (2015) JGR,
Fea_O3_only,ozone_decomposition_photo,78,605,25,O3,8.77480315,0.03,4.692505651,0.08,Frchtl et al. (2015) JGR,
Fea_O3_only,ozone_decomposition_photo,78,605,25,O3,11.33228346,0.03,6.050836891,0.08,Frchtl et al. (2015) JGR,
Fea_O3_only,ozone_decomposition_photo,78,605,25,O3,14.33070866,0.03,7.614897106,0.08,Frchtl et al. (2015) JGR,
Fea_O3_only,ozone_decomposition_photo,78,605,25,O3,16.66771654,0.03,8.849725961,0.08,Frchtl et al. (2015) JGR,
Fea_O3+He,ozone_decomposition_photo,79,605,25,O3,12.12598425,0.03,8.526214711,0.08,Frchtl et al. (2015) JGR,
Fea_O3+He,ozone_decomposition_photo,79,605,25,O3,15.6976378,0.03,11.45153122,0.08,Frchtl et al. (2015) JGR,
Fea_O3+He,ozone_decomposition_photo,79,605,25,O3,20.81259843,0.03,15.57157081,0.08,Frchtl et al. (2015) JGR,
Fea_O3+He,ozone_decomposition_photo,79,605,25,O3,25.70708661,0.03,19.40300483,0.08,Frchtl et al. (2015) JGR,
Fea_O3+Ar,ozone_decomposition_photo,80,605,25,O3,7.981102362,0.03,5.643019013,0.08,Frchtl et al. (2015) JGR,
Fea_O3+Ar,ozone_decomposition_photo,80,605,25,O3,16.97637795,0.03,12.60536851,0.08,Frchtl et al. (2015) JGR,
Fea_O3+Ar,ozone_decomposition_photo,80,605,25,O3,25.83937008,0.03,20.02194679,0.08,Frchtl et al. (2015) JGR,
Fea_O3+CO,ozone_decomposition_photo,81,605,25,O3,4.497637795,0.03,2.676296701,0.08,Frchtl et al. (2015) JGR,
Fea_O3+CO,ozone_decomposition_photo,81,605,25,O3,8.28976378,0.03,5.477460815,0.08,Frchtl et al. (2015) JGR,
Fea_O3+CO,ozone_decomposition_photo,81,605,25,O3,13.4488189,0.03,8.648092065,0.08,Frchtl et al. (2015) JGR,
Fea_O3_660nm,ozone_decomposition_photo,82,660,25,O3,6.138933764,0.03,3.16039604,0.08,Frchtl et al. (2015) GRL,
Fea_O3_660nm,ozone_decomposition_photo,82,660,25,O3,12.14862682,0.03,6.297029703,0.08,Frchtl et al. (2015) GRL,
Fea_O3_660nm,ozone_decomposition_photo,82,660,25,O3,19.22455574,0.03,10.21782178,0.08,Frchtl et al. (2015) GRL,
Fea_O3_617nm,ozone_decomposition_photo,83,617,25,O3,11.0177706,0.03,5.821782178,0.08,Frchtl et al. (2015) GRL,
Fea_O3_617nm,ozone_decomposition_photo,83,617,25,O3,15.99353796,0.03,8.483168317,0.08,Frchtl et al. (2015) GRL,
Fea_O3_530nm,ozone_decomposition_photo,84,530,25,O3,1.518578352,0.03,0.712871287,0.08,Frchtl et al. (2015) GRL,
Fea_O3_530nm,ozone_decomposition_photo,84,530,25,O3,2.68174475,0.03,1.401980198,0.08,Frchtl et al. (2015) GRL,
Fea_O3_530nm,ozone_decomposition_photo,84,530,25,O3,3.974151858,0.03,2.043564356,0.08,Frchtl et al. (2015) GRL,
Fea_O3_550nm,ozone_decomposition_photo,85,550,25,O3,4.36187399,0.03,2.186138614,0.08,Frchtl et al. (2015) GRL,
Fea_O3_550nm,ozone_decomposition_photo,85,550,25,O3,8.109854604,0.03,4.277227723,0.08,Frchtl et al. (2015) GRL,
Fea_O3_550nm,ozone_decomposition_photo,85,550,25,O3,13.1825525,0.03,7.00990099,0.08,Frchtl et al. (2015) GRL,
Fea_O3_620nm,ozone_decomposition_photo,86,620,25,O3,3.134087237,0.03,1.544554455,0.08,Frchtl et al. (2015) GRL,
Fea_O3_620nm,ozone_decomposition_photo,86,620,25,O3,5.525040388,0.03,2.899009901,0.08,Frchtl et al. (2015) GRL,
Fea_O3_620nm,ozone_decomposition_photo,86,620,25,O3,7.625201939,0.03,4.03960396,0.08,Frchtl et al. (2015) GRL,
Fea_O3_455nm,ozone_decomposition_photo,87,455,25,O3,5.751211632,0.03,3.065346535,0.08,Frchtl et al. (2015) GRL,
Fea_O3_455nm,ozone_decomposition_photo,87,455,25,O3,11.3085622,0.03,6.011881188,0.08,Frchtl et al. (2015) GRL,
Fea_O3_455nm,ozone_decomposition_photo,87,455,25,O3,16.70436187,0.03,8.792079208,0.08,Frchtl et al. (2015) GRL,
A1,CO2_formation_recombination,88,,25,CO2,26,0.02,27.1,0.02,Panday and Bhattacharya (2006) J. Chem. Phys.,
A2,CO2_formation_recombination,88,,25,CO2,22.3,0.02,23.9,0.02,Panday and Bhattacharya (2006) J. Chem. Phys.,
A3,CO2_formation_recombination,88,,25,CO2,13.2,0.02,18.8,0.02,Panday and Bhattacharya (2006) J. Chem. Phys.,
A4,CO2_formation_recombination,88,,25,CO2,18.4,0.02,24.2,0.02,Panday and Bhattacharya (2006) J. Chem. Phys.,
A5,CO2_formation_recombination,88,,25,CO2,22.7,0.02,26.4,0.02,Panday and Bhattacharya (2006) J. Chem. Phys.,
A6,CO2_formation_recombination,88,,25,CO2,28.7,0.02,37.1,0.02,Panday and Bhattacharya (2006) J. Chem. Phys.,
A7,CO2_formation_recombination,88,,25,CO2,14.8,0.02,17.8,0.02,Panday and Bhattacharya (2006) J. Chem. Phys.,
A8,CO2_formation_recombination,88,,25,CO2,15.4,0.02,18.8,0.02,Panday and Bhattacharya (2006) J. Chem. Phys.,
A9,CO2_formation_recombination,88,,25,CO2,16.9,0.02,22.6,0.02,Panday and Bhattacharya (2006) J. Chem. Phys.,
A10,CO2_formation_recombination,88,,25,CO2,31.9,0.02,35.5,0.02,Panday and Bhattacharya (2006) J. Chem. Phys.,
A11,CO2_formation_recombination,88,,25,CO2,35.8,0.02,37.5,0.02,Panday and Bhattacharya (2006) J. Chem. Phys.,
A12,CO2_formation_recombination,88,,25,CO2,13.9,0.02,17.8,0.02,Panday and Bhattacharya (2006) J. Chem. Phys.,
A13,CO2_formation_recombination,88,,25,CO2,16.2,0.02,19.8,0.02,Panday and Bhattacharya (2006) J. Chem. Phys.,
A14,CO2_formation_recombination,88,,25,CO2,16.2,0.02,17.9,0.02,Panday and Bhattacharya (2006) J. Chem. Phys.,
A15,CO2_formation_recombination,88,,25,CO2,28.7,0.02,31.6,0.02,Panday and Bhattacharya (2006) J. Chem. Phys.,
A16,CO2_formation_recombination,88,,25,CO2,21.1,0.02,25,0.02,Panday and Bhattacharya (2006) J. Chem. Phys.,
AC1,CO2_formation_recombination,89,,25,CO2,40.1,0.02,37.2,0.02,Panday and Bhattacharya (2006) J. Chem. Phys.,
AC2,CO2_formation_recombination,89,,25,CO2,46,0.02,32.2,0.02,Panday and Bhattacharya (2006) J. Chem. Phys.,
AC3,CO2_formation_recombination,89,,25,CO2,56.4,0.02,47.2,0.02,Panday and Bhattacharya (2006) J. Chem. Phys.,
AC4,CO2_formation_recombination,89,,25,CO2,26.8,0.02,14.6,0.02,Panday and Bhattacharya (2006) J. Chem. Phys.,
AC6,CO2_formation_recombination,89,,25,CO2,67,0.02,54.7,0.02,Panday and Bhattacharya (2006) J. Chem. Phys.,
AC7,CO2_formation_recombination,89,,25,CO2,67.5,0.02,54.6,0.02,Panday and Bhattacharya (2006) J. Chem. Phys.,
AC8,CO2_formation_recombination,89,,25,CO2,97.5,0.02,88.5,0.02,Panday and Bhattacharya (2006) J. Chem. Phys.,
AC9,CO2_formation_recombination,89,,25,CO2,46.4,0.02,38.9,0.02,Panday and Bhattacharya (2006) J. Chem. Phys.,
AC10,CO2_formation_recombination,89,,25,CO2,50.9,0.02,42.2,0.02,Panday and Bhattacharya (2006) J. Chem. Phys.,
AC11,CO2_formation_recombination,89,,25,CO2,67.5,0.02,56.8,0.02,Panday and Bhattacharya (2006) J. Chem. Phys.,
AC12,CO2_formation_recombination,89,,25,CO2,88,0.02,71.6,0.02,Panday and Bhattacharya (2006) J. Chem. Phys.,
AC13,CO2_formation_recombination,89,,25,CO2,64,0.02,54.9,0.02,Panday and Bhattacharya (2006) J. Chem. Phys.,
AC14,CO2_formation_recombination,89,,25,CO2,83.3,0.02,69.7,0.02,Panday and Bhattacharya (2006) J. Chem. Phys.,
AC15,CO2_formation_recombination,89,,25,CO2,29.7,0.02,21.1,0.02,Panday and Bhattacharya (2006) J. Chem. Phys.,
AC16,CO2_formation_recombination,89,,25,CO2,31.8,0.02,18.6,0.02,Panday and Bhattacharya (2006) J. Chem. Phys.,
AC17,CO2_formation_recombination,89,,25,CO2,113.5,0.02,90.8,0.02,Panday and Bhattacharya (2006) J. Chem. Phys.,
AS1,CO2_formation_recombination,90,,25,CO2,84.7,0.02,70.2,0.02,Panday and Bhattacharya (2006) J. Chem. Phys.,
AS2,CO2_formation_recombination,90,,25,CO2,74.9,0.02,64.9,0.02,Panday and Bhattacharya (2006) J. Chem. Phys.,
AS3,CO2_formation_recombination,90,,25,CO2,71.9,0.02,63.4,0.02,Panday and Bhattacharya (2006) J. Chem. Phys.,
AS4,CO2_formation_recombination,90,,25,CO2,70.2,0.02,54.6,0.02,Panday and Bhattacharya (2006) J. Chem. Phys.,
AS5,CO2_formation_recombination,90,,25,CO2,71.8,0.02,67.5,0.02,Panday and Bhattacharya (2006) J. Chem. Phys.,
AB1,CO2_formation_recombination,91,,25,CO2,53.6,0.02,48.2,0.02,Panday and Bhattacharya (2006) J. Chem. Phys.,
AB2,CO2_formation_recombination,91,,25,CO2,51.3,0.02,48.4,0.02,Panday and Bhattacharya (2006) J. Chem. Phys.,
AB3,CO2_formation_recombination,91,,25,CO2,59.5,0.02,57,0.02,Panday and Bhattacharya (2006) J. Chem. Phys.,
AB4,CO2_formation_recombination,91,,25,CO2,57.1,0.02,53.8,0.02,Panday and Bhattacharya (2006) J. Chem. Phys.,
BT_1,CO2_formation_recombination,92,120-160,25,CO2,43.2,0.05,41.7,0.05,Bhattacharya and Thiemens (1989) Z. Naturforsch.,Relative to predicted bulk CO+O
BT_2,CO2_formation_recombination,92,120-160,25,CO2,69.2,0.05,55.4,0.05,Bhattacharya and Thiemens (1989) Z. Naturforsch.,Relative to predicted bulk CO+O
BT_3,CO2_formation_recombination,92,120-160,25,CO2,64.1,0.05,49.2,0.05,Bhattacharya and Thiemens (1989) Z. Naturforsch.,Relative to predicted bulk CO+O
BT_4,CO2_formation_recombination,92,120-160,25,CO2,68.4,0.05,52.5,0.05,Bhattacharya and Thiemens (1989) Z. Naturforsch.,Relative to predicted bulk CO+O
BT_5,CO2_formation_recombination,92,120-160,25,CO2,60.4,0.05,45.6,0.05,Bhattacharya and Thiemens (1989) Z. Naturforsch.,Relative to predicted bulk CO+O
BT_6,CO2_formation_recombination,92,120-160,25,CO2,44.2,0.05,34.8,0.05,Bhattacharya and Thiemens (1989) Z. Naturforsch.,Relative to predicted bulk CO+O
BT_7,CO2_formation_recombination,92,120-160,25,CO2,41.1,0.05,30.5,0.05,Bhattacharya and Thiemens (1989) Z. Naturforsch.,Relative to predicted bulk CO+O
BT_8,CO2_formation_recombination,92,120-160,25,CO2,47.3,0.05,40.2,0.05,Bhattacharya and Thiemens (1989) Z. Naturforsch.,Relative to predicted bulk CO+O
BT_9,CO2_formation_recombination,93,180-260,25,CO2,91.6,0.05,75.5,0.05,Bhattacharya and Thiemens (1989) Z. Naturforsch.,Relative to predicted bulk CO+O
BT_10,CO2_formation_recombination,93,180-260,25,CO2,82.6,0.05,71.3,0.05,Bhattacharya and Thiemens (1989) Z. Naturforsch.,Relative to predicted bulk CO+O